index,group,obst_id,surface,face,external_flux_kw_m2,x,y,z
0,RADM,A01.stl,E-玻璃纤维,+z,1471,0.05000000000000002,0.0,-0.165
1,RADM,A01.stl,E-玻璃纤维,+z,1471,0.05000000000000002,0.0,0.23500000000000001
2,RADM,A01.stl,E-玻璃纤维,+z,1471,0.15000000000000002,0.0,-0.265
3,RADM,A01.stl,E-玻璃纤维,+z,1471,0.15000000000000002,-0.15000000000000002,-0.165
4,RADM,A01.stl,E-玻璃纤维,+z,1471,0.15000000000000002,0.15000000000000002,-0.165
5,RADM,A01.stl,E-玻璃纤维,+z,1471,0.15000000000000002,-0.15000000000000002,0.23500000000000001
6,RADM,A01.stl,E-玻璃纤维,+z,1471,0.15000000000000002,0.15000000000000002,0.23500000000000001
7,RADM,A01.stl,E-玻璃纤维,+z,1471,0.15000000000000002,0.0,0.33499999999999996
8,RADM,A01.stl,E-玻璃纤维,+z,1471,0.25,-0.25,0.23500000000000001
9,RADM,A01.stl,E-玻璃纤维,+z,1471,0.25,0.25,0.23500000000000001
10,RADM,A01.stl,E-玻璃纤维,+z,1471,0.25,-0.15000000000000002,0.33499999999999996
11,RADM,A01.stl,E-玻璃纤维,+z,1471,0.25,0.15000000000000002,0.33499999999999996
12,RADM,A01.stl,E-玻璃纤维,+z,1471,0.30000000000000004,0.0,0.43500000000000005
13,RADM,A01.stl,E-玻璃纤维,+z,706,0.35,-0.35,-0.165
14,RADM,A01.stl,E-玻璃纤维,+z,1471,0.35,0.35,-0.165
15,RADM,A01.stl,E-玻璃纤维,+z,1471,0.35,-0.35,0.23500000000000001
16,RADM,A01.stl,E-玻璃纤维,+z,1471,0.35,0.35,0.23500000000000001
17,RADM,A01.stl,E-玻璃纤维,+z,1471,0.35,-0.25,0.33499999999999996
18,RADM,A01.stl,E-玻璃纤维,+z,1471,0.35,0.25,0.33499999999999996
19,RADM,A01.stl,E-玻璃纤维,+z,1471,0.35,-0.15000000000000002,0.43500000000000005
20,RADM,A01.stl,E-玻璃纤维,+z,1471,0.35,0.15000000000000002,0.43500000000000005
21,RADM,A01.stl,E-玻璃纤维,+z,706,0.45,-0.45,-0.065
22,RADM,A01.stl,E-玻璃纤维,+z,1471,0.45,0.45,-0.065
23,RADM,A01.stl,E-玻璃纤维,+z,1471,0.45,-0.45,0.135
24,RADM,A01.stl,E-玻璃纤维,+z,1471,0.45,0.45,0.135
25,RADM,A01.stl,E-玻璃纤维,+z,1471,0.45,-0.35,0.33499999999999996
26,RADM,A01.stl,E-玻璃纤维,+z,1471,0.45,0.35,0.33499999999999996
27,RADM,A01.stl,E-玻璃纤维,+z,1471,0.45,-0.25,0.43500000000000005
28,RADM,A01.stl,E-玻璃纤维,+z,1471,0.45,0.25,0.43500000000000005
29,RADM,A01.stl,E-玻璃纤维,+z,1471,0.45,0.0,0.535
30,RADM,A01.stl,E-玻璃纤维,+z,1471,0.5,-0.15000000000000002,0.535
31,RADM,A01.stl,E-玻璃纤维,+z,1471,0.5,0.15000000000000002,0.535
32,RADM,A01.stl,E-玻璃纤维,+z,1471,0.55,0.45,-0.265
33,RADM,A01.stl,E-玻璃纤维,+z,1471,0.55,-0.45,0.33499999999999996
34,RADM,A01.stl,E-玻璃纤维,+z,1471,0.55,0.45,0.33499999999999996
35,RADM,A01.stl,E-玻璃纤维,+z,706,0.55,-0.35,0.43500000000000005
36,RADM,A01.stl,E-玻璃纤维,+z,1471,0.55,0.35,0.43500000000000005
37,RADM,A01.stl,E-玻璃纤维,+z,1471,0.55,-0.25,0.535
38,RADM,A01.stl,E-玻璃纤维,+z,1471,0.55,0.25,0.535
39,RADM,A01.stl,E-玻璃纤维,+z,1471,0.6,0.0,0.635
40,RADM,A01.stl,E-玻璃纤维,+z,706,0.6499999999999999,-0.55,-0.165
41,RADM,A01.stl,E-玻璃纤维,+z,1471,0.6499999999999999,0.55,-0.165
42,RADM,A01.stl,E-玻璃纤维,+z,706,0.6499999999999999,-0.55,0.23500000000000001
43,RADM,A01.stl,E-玻璃纤维,+z,1471,0.6499999999999999,0.55,0.23500000000000001
44,RADM,A01.stl,E-玻璃纤维,+z,1471,0.6499999999999999,-0.45,0.43500000000000005
45,RADM,A01.stl,E-玻璃纤维,+z,1471,0.6499999999999999,0.45,0.43500000000000005
46,RADM,A01.stl,E-玻璃纤维,+z,1471,0.6499999999999999,-0.35,0.535
47,RADM,A01.stl,E-玻璃纤维,+z,1471,0.6499999999999999,0.35,0.535
48,RADM,A01.stl,E-玻璃纤维,+z,1471,0.6499999999999999,-0.15000000000000002,0.635
49,RADM,A01.stl,E-玻璃纤维,+z,1471,0.6499999999999999,0.15000000000000002,0.635
50,RADM,A01.stl,E-玻璃纤维,+z,1471,0.6666666666666667,0.45,-0.365
51,RADM,A01.stl,E-玻璃纤维,+z,706,0.7666666666666667,0.45,-0.365
52,RADM,A01.stl,E-玻璃纤维,+z,1471,0.7,-0.25,0.635
53,RADM,A01.stl,E-玻璃纤维,+z,1471,0.7,0.25,0.635
54,RADM,A01.stl,E-玻璃纤维,+z,353,0.75,-0.55,-0.265
55,RADM,A01.stl,E-玻璃纤维,+z,706,0.75,0.55,-0.265
56,RADM,A01.stl,E-玻璃纤维,+z,1471,0.75,-0.55,0.43500000000000005
57,RADM,A01.stl,E-玻璃纤维,+z,1471,0.75,0.55,0.43500000000000005
58,RADM,A01.stl,E-玻璃纤维,+z,1471,0.75,-0.45,0.535
59,RADM,A01.stl,E-玻璃纤维,+z,1471,0.75,0.45,0.535
60,RADM,A01.stl,E-玻璃纤维,+z,1471,0.75,-0.15000000000000002,0.735
61,RADM,A01.stl,E-玻璃纤维,+z,1471,0.75,0.15000000000000002,0.735
62,RADM,A01.stl,E-玻璃纤维,+z,1471,0.8,-0.35,0.635
63,RADM,A01.stl,E-玻璃纤维,+z,1471,0.8,0.35,0.635
64,RADM,A01.stl,E-玻璃纤维,+z,1471,1.0,0.0,0.935
65,RADM,A01.stl,E-玻璃纤维,+z,706,0.8500000000000001,0.45,-0.46499999999999997
66,RADM,A01.stl,E-玻璃纤维,+z,706,0.8500000000000001,-0.6499999999999999,-0.165
67,RADM,A01.stl,E-玻璃纤维,+z,1471,0.8500000000000001,0.6499999999999999,-0.165
68,RADM,A01.stl,E-玻璃纤维,+z,1471,0.8500000000000001,-0.6499999999999999,0.33499999999999996
69,RADM,A01.stl,E-玻璃纤维,+z,1471,0.8500000000000001,0.6499999999999999,0.33499999999999996
70,RADM,A01.stl,E-玻璃纤维,+z,1471,0.8500000000000001,-0.15000000000000002,0.8350000000000001
71,RADM,A01.stl,E-玻璃纤维,+z,1471,0.8500000000000001,0.15000000000000002,0.8350000000000001
72,RADM,A01.stl,E-玻璃纤维,+z,1471,0.9,-0.55,0.535
73,RADM,A01.stl,E-玻璃纤维,+z,1471,0.9,0.55,0.535
74,RADM,A01.stl,E-玻璃纤维,+z,1471,0.9,-0.45,0.635
75,RADM,A01.stl,E-玻璃纤维,+z,1471,0.9,0.45,0.635
76,RADM,A01.stl,E-玻璃纤维,+z,1471,0.9,-0.25,0.735
77,RADM,A01.stl,E-玻璃纤维,+z,1471,0.9,0.25,0.735
78,RADM,A01.stl,E-玻璃纤维,+z,706,0.95,-0.6499999999999999,-0.265
79,RADM,A01.stl,E-玻璃纤维,+z,1471,0.95,0.6499999999999999,-0.265
80,RADM,A01.stl,E-玻璃纤维,+z,1471,0.95,-0.6499999999999999,0.43500000000000005
81,RADM,A01.stl,E-玻璃纤维,+z,1471,0.95,0.6499999999999999,0.43500000000000005
82,RADM,A01.stl,E-玻璃纤维,+z,706,0.9333333333333333,0.45,-0.565
83,RADM,A01.stl,E-玻璃纤维,+z,1471,1.0,-0.35,0.735
84,RADM,A01.stl,E-玻璃纤维,+z,1471,1.0,0.35,0.735
85,RADM,A01.stl,E-玻璃纤维,+z,1471,1.1,-0.15000000000000002,0.935
86,RADM,A01.stl,E-玻璃纤维,+z,1471,1.1,0.15000000000000002,0.935
87,RADM,A01.stl,E-玻璃纤维,+z,353,1.05,-0.6499999999999999,-0.365
88,RADM,A01.stl,E-玻璃纤维,+z,706,1.05,0.6499999999999999,-0.365
89,RADM,A01.stl,E-玻璃纤维,+z,1471,1.05,-0.75,-0.165
90,RADM,A01.stl,E-玻璃纤维,+z,1471,1.05,0.75,-0.165
91,RADM,A01.stl,E-玻璃纤维,+z,1471,1.05,-0.75,0.33499999999999996
92,RADM,A01.stl,E-玻璃纤维,+z,1471,1.05,0.75,0.33499999999999996
93,RADM,A01.stl,E-玻璃纤维,+z,1471,1.05,-0.6499999999999999,0.535
94,RADM,A01.stl,E-玻璃纤维,+z,1471,1.05,0.6499999999999999,0.535
95,RADM,A01.stl,E-玻璃纤维,+z,1471,1.05,-0.55,0.635
96,RADM,A01.stl,E-玻璃纤维,+z,1471,1.05,0.55,0.635
97,RADM,A01.stl,E-玻璃纤维,+z,1471,1.1,-0.45,0.735
98,RADM,A01.stl,E-玻璃纤维,+z,1471,1.1,0.45,0.735
99,RADM,A01.stl,E-玻璃纤维,+z,1471,1.1,-0.25,0.8350000000000001
100,RADM,A01.stl,E-玻璃纤维,+z,1471,1.1,0.25,0.8350000000000001
101,RADM,A01.stl,E-玻璃纤维,+z,1471,1.15,-0.75,0.43500000000000005
102,RADM,A01.stl,E-玻璃纤维,+z,1471,1.15,0.75,0.43500000000000005
103,RADM,A01.stl,E-玻璃纤维,+z,1471,1.15,0.35,0.8350000000000001
104,RADM,A01.stl,E-玻璃纤维,+z,1471,1.2000000000000002,-0.6499999999999999,0.635
105,RADM,A01.stl,E-玻璃纤维,+z,1471,1.2000000000000002,0.6499999999999999,0.635
106,RADM,A01.stl,E-玻璃纤维,+z,1471,1.2000000000000002,-0.55,0.735
107,RADM,A01.stl,E-玻璃纤维,+z,1471,1.2000000000000002,0.55,0.735
108,RADM,A01.stl,E-玻璃纤维,+z,1471,1.2000000000000002,-0.35,0.8350000000000001
109,RADM,A01.stl,E-玻璃纤维,+z,1118,1.25,-0.8500000000000001,0.23500000000000001
110,RADM,A01.stl,E-玻璃纤维,+z,1118,1.25,0.8500000000000001,0.23500000000000001
111,RADM,A01.stl,E-玻璃纤维,+z,1471,1.25,-0.75,0.535
112,RADM,A01.stl,E-玻璃纤维,+z,1471,1.25,0.75,0.535
113,RADM,A01.stl,E-玻璃纤维,+z,1471,1.25,-0.45,0.8350000000000001
114,RADM,A01.stl,E-玻璃纤维,+z,1471,1.25,0.45,0.8350000000000001
115,RADM,A01.stl,E-玻璃纤维,+z,1471,1.25,-0.25,0.935
116,RADM,A01.stl,E-玻璃纤维,+z,706,1.3499999999999999,-0.25,0.935
117,RADM,A01.stl,E-玻璃纤维,+z,1471,1.25,0.30000000000000004,0.935
118,RADM,A01.stl,E-玻璃纤维,+z,706,1.3499999999999999,0.25,0.935
119,RADM,A01.stl,E-玻璃纤维,+z,1471,1.3499999999999999,0.35000000000000003,0.935
120,RADM,A01.stl,E-玻璃纤维,+z,353,1.35,-0.8500000000000001,0.43500000000000005
121,RADM,A01.stl,E-玻璃纤维,+z,353,1.35,0.8500000000000001,0.43500000000000005
122,RADM,A01.stl,E-玻璃纤维,+z,353,1.35,-0.75,0.635
123,RADM,A01.stl,E-玻璃纤维,+z,706,1.35,0.75,0.635
124,RADM,A01.stl,E-玻璃纤维,+z,706,1.35,-0.6499999999999999,0.735
125,RADM,A01.stl,E-玻璃纤维,+z,706,1.35,0.6499999999999999,0.735
126,RADM,A01.stl,E-玻璃纤维,+z,1118,1.35,-0.55,0.8350000000000001
127,RADM,A01.stl,E-玻璃纤维,+z,1471,1.35,0.55,0.8350000000000001
128,RADM,A01.stl,E-玻璃纤维,+z,1471,1.35,-0.45,0.935
129,RADM,A01.stl,E-玻璃纤维,+z,1118,1.35,-0.35,0.935
130,RADM,A01.stl,E-玻璃纤维,+z,1471,1.35,0.45,0.935
131,RADM,A01.stl,E-玻璃纤维,+z,1471,1.35,0.0,1.035
132,RADM,A01.stl,E-玻璃纤维,+x,412,0.03500000000000003,0.0,0.0
133,RADM,A01.stl,E-玻璃纤维,+x,412,0.135,0.0,-0.25
134,RADM,A01.stl,E-玻璃纤维,+x,412,0.135,-0.15000000000000002,0.0
135,RADM,A01.stl,E-玻璃纤维,+x,412,0.135,0.15000000000000002,0.0
136,RADM,A01.stl,E-玻璃纤维,+x,412,0.135,0.0,0.25
137,RADM,A01.stl,E-玻璃纤维,+x,412,0.23500000000000001,-0.15000000000000002,-0.25
138,RADM,A01.stl,E-玻璃纤维,+x,412,0.23500000000000001,0.15000000000000002,-0.25
139,RADM,A01.stl,E-玻璃纤维,+x,412,0.23500000000000001,-0.25,0.15000000000000002
140,RADM,A01.stl,E-玻璃纤维,+x,412,0.23500000000000001,0.25,0.15000000000000002
141,RADM,A01.stl,E-玻璃纤维,+x,412,0.23500000000000001,-0.15000000000000002,0.25
142,RADM,A01.stl,E-玻璃纤维,+x,412,0.23500000000000001,0.15000000000000002,0.25
143,RADM,A01.stl,E-玻璃纤维,+x,412,0.23500000000000001,0.0,0.35
144,RADM,A01.stl,E-玻璃纤维,+x,176,0.33499999999999996,-0.35,-0.04999999999999999
145,RADM,A01.stl,E-玻璃纤维,+x,412,0.33499999999999996,-0.35,0.15000000000000002
146,RADM,A01.stl,E-玻璃纤维,+x,412,0.33499999999999996,0.35,0.0
147,RADM,A01.stl,E-玻璃纤维,+x,412,0.33499999999999996,-0.25,0.25
148,RADM,A01.stl,E-玻璃纤维,+x,412,0.33499999999999996,0.25,0.25
149,RADM,A01.stl,E-玻璃纤维,+x,412,0.33499999999999996,-0.15000000000000002,0.35
150,RADM,A01.stl,E-玻璃纤维,+x,412,0.33499999999999996,0.15000000000000002,0.35
151,RADM,A01.stl,E-玻璃纤维,+x,118,0.43500000000000005,-0.35,-0.25
152,RADM,A01.stl,E-玻璃纤维,+x,176,0.43500000000000005,0.35,-0.25
153,RADM,A01.stl,E-玻璃纤维,+x,412,0.43500000000000005,-0.45,0.0
154,RADM,A01.stl,E-玻璃纤维,+x,412,0.43500000000000005,0.45,0.0
155,RADM,A01.stl,E-玻璃纤维,+x,412,0.43500000000000005,-0.35,0.25
156,RADM,A01.stl,E-玻璃纤维,+x,412,0.43500000000000005,0.35,0.25
157,RADM,A01.stl,E-玻璃纤维,+x,412,0.43500000000000005,-0.25,0.35
158,RADM,A01.stl,E-玻璃纤维,+x,412,0.43500000000000005,0.25,0.35
159,RADM,A01.stl,E-玻璃纤维,+x,412,0.43500000000000005,0.0,0.45
160,RADM,A01.stl,E-玻璃纤维,+x,412,0.535,0.45,-0.2
161,RADM,A01.stl,E-玻璃纤维,+x,412,0.535,-0.45,0.2
162,RADM,A01.stl,E-玻璃纤维,+x,412,0.535,0.45,0.2
163,RADM,A01.stl,E-玻璃纤维,+x,412,0.535,-0.35,0.35
164,RADM,A01.stl,E-玻璃纤维,+x,412,0.535,0.35,0.35
165,RADM,A01.stl,E-玻璃纤维,+x,412,0.535,-0.25,0.45
166,RADM,A01.stl,E-玻璃纤维,+x,412,0.535,0.25,0.45
167,RADM,A01.stl,E-玻璃纤维,+x,412,0.535,0.0,0.55
168,RADM,A01.stl,E-玻璃纤维,+x,412,0.635,0.45,-0.35
169,RADM,A01.stl,E-玻璃纤维,+x,176,0.635,-0.55,0.0
170,RADM,A01.stl,E-玻璃纤维,+x,412,0.635,0.55,0.0
171,RADM,A01.stl,E-玻璃纤维,+x,412,0.635,-0.45,0.35
172,RADM,A01.stl,E-玻璃纤维,+x,412,0.635,0.45,0.35
173,RADM,A01.stl,E-玻璃纤维,+x,294,0.635,-0.35,0.45
174,RADM,A01.stl,E-玻璃纤维,+x,412,0.635,0.35,0.45
175,RADM,A01.stl,E-玻璃纤维,+x,412,0.635,-0.2,0.55
176,RADM,A01.stl,E-玻璃纤维,+x,412,0.635,0.2,0.55
177,RADM,A01.stl,E-玻璃纤维,+x,176,0.735,-0.55,-0.25
178,RADM,A01.stl,E-玻璃纤维,+x,412,0.735,0.55,-0.25
179,RADM,A01.stl,E-玻璃纤维,+x,294,0.735,-0.55,0.25
180,RADM,A01.stl,E-玻璃纤维,+x,412,0.735,-0.55,0.35000000000000003
181,RADM,A01.stl,E-玻璃纤维,+x,412,0.735,0.55,0.30000000000000004
182,RADM,A01.stl,E-玻璃纤维,+x,412,0.735,-0.45,0.45
183,RADM,A01.stl,E-玻璃纤维,+x,412,0.735,0.45,0.45
184,RADM,A01.stl,E-玻璃纤维,+x,294,0.735,-0.35,0.55
185,RADM,A01.stl,E-玻璃纤维,+x,412,0.735,0.35,0.55
186,RADM,A01.stl,E-玻璃纤维,+x,412,0.735,-0.15000000000000002,0.6499999999999999
187,RADM,A01.stl,E-玻璃纤维,+x,412,0.735,0.15000000000000002,0.6499999999999999
188,RADM,A01.stl,E-玻璃纤维,+x,412,0.735,0.0,0.75
189,RADM,A01.stl,E-玻璃纤维,+x,176,0.8350000000000001,0.45,-0.45
190,RADM,A01.stl,E-玻璃纤维,+x,294,0.8350000000000001,-0.6499999999999999,-0.15000000000000002
191,RADM,A01.stl,E-玻璃纤维,+x,412,0.8350000000000001,-0.6499999999999999,0.09999999999999999
192,RADM,A01.stl,E-玻璃纤维,+x,412,0.8350000000000001,0.6499999999999999,0.04999999999999999
193,RADM,A01.stl,E-玻璃纤维,+x,412,0.8350000000000001,-0.55,0.45
194,RADM,A01.stl,E-玻璃纤维,+x,412,0.8350000000000001,0.55,0.45
195,RADM,A01.stl,E-玻璃纤维,+x,412,0.8350000000000001,-0.45,0.55
196,RADM,A01.stl,E-玻璃纤维,+x,412,0.8350000000000001,0.45,0.55
197,RADM,A01.stl,E-玻璃纤维,+x,412,0.8350000000000001,-0.25,0.6499999999999999
198,RADM,A01.stl,E-玻璃纤维,+x,412,0.8350000000000001,0.25,0.6499999999999999
199,RADM,A01.stl,E-玻璃纤维,+x,412,0.8350000000000001,-0.15000000000000002,0.75
200,RADM,A01.stl,E-玻璃纤维,+x,412,0.8350000000000001,0.15000000000000002,0.75
201,RADM,A01.stl,E-玻璃纤维,+x,176,0.935,0.45,-0.55
202,RADM,A01.stl,E-玻璃纤维,+x,176,0.935,-0.6499999999999999,-0.25
203,RADM,A01.stl,E-玻璃纤维,+x,412,0.935,0.6499999999999999,-0.25
204,RADM,A01.stl,E-玻璃纤维,+x,412,0.935,-0.6499999999999999,0.35
205,RADM,A01.stl,E-玻璃纤维,+x,412,0.935,0.6499999999999999,0.35
206,RADM,A01.stl,E-玻璃纤维,+x,412,0.935,-0.35,0.6499999999999999
207,RADM,A01.stl,E-玻璃纤维,+x,412,0.935,0.35,0.6499999999999999
208,RADM,A01.stl,E-玻璃纤维,+x,412,0.935,-0.15000000000000002,0.8500000000000001
209,RADM,A01.stl,E-玻璃纤维,+x,412,0.935,0.15000000000000002,0.8500000000000001
210,RADM,A01.stl,E-玻璃纤维,+x,176,1.035,-0.6499999999999999,-0.35
211,RADM,A01.stl,E-玻璃纤维,+x,412,1.035,0.6499999999999999,-0.35
212,RADM,A01.stl,E-玻璃纤维,+x,412,1.035,-0.75,0.04999999999999999
213,RADM,A01.stl,E-玻璃纤维,+x,412,1.035,0.75,0.04999999999999999
214,RADM,A01.stl,E-玻璃纤维,+x,412,1.035,-0.6499999999999999,0.45
215,RADM,A01.stl,E-玻璃纤维,+x,412,1.035,0.6499999999999999,0.45
216,RADM,A01.stl,E-玻璃纤维,+x,412,1.035,-0.55,0.55
217,RADM,A01.stl,E-玻璃纤维,+x,412,1.035,0.55,0.55
218,RADM,A01.stl,E-玻璃纤维,+x,412,1.035,-0.45,0.6499999999999999
219,RADM,A01.stl,E-玻璃纤维,+x,412,1.035,0.45,0.6499999999999999
220,RADM,A01.stl,E-玻璃纤维,+x,412,1.035,-0.25,0.75
221,RADM,A01.stl,E-玻璃纤维,+x,412,1.035,0.25,0.75
222,RADM,A01.stl,E-玻璃纤维,+x,412,1.135,-0.75,-0.25
223,RADM,A01.stl,E-玻璃纤维,+x,412,1.135,0.75,-0.25
224,RADM,A01.stl,E-玻璃纤维,+x,412,1.135,-0.75,0.35
225,RADM,A01.stl,E-玻璃纤维,+x,412,1.135,0.75,0.35
226,RADM,A01.stl,E-玻璃纤维,+x,412,1.135,-0.6499999999999999,0.55
227,RADM,A01.stl,E-玻璃纤维,+x,412,1.135,0.6499999999999999,0.55
228,RADM,A01.stl,E-玻璃纤维,+x,412,1.135,-0.55,0.6499999999999999
229,RADM,A01.stl,E-玻璃纤维,+x,412,1.135,0.55,0.6499999999999999
230,RADM,A01.stl,E-玻璃纤维,+x,412,1.135,-0.35,0.75
231,RADM,A01.stl,E-玻璃纤维,+x,412,1.135,0.35,0.75
232,RADM,A01.stl,E-玻璃纤维,+x,176,1.2349999999999999,-0.8500000000000001,-0.0625
233,RADM,A01.stl,E-玻璃纤维,+x,294,1.2349999999999999,-0.8500000000000001,0.012500000000000011
234,RADM,A01.stl,E-玻璃纤维,+x,412,1.2349999999999999,-0.8500000000000001,0.125
235,RADM,A01.stl,E-玻璃纤维,+x,176,1.2349999999999999,0.8500000000000001,-0.0625
236,RADM,A01.stl,E-玻璃纤维,+x,294,1.2349999999999999,0.8500000000000001,0.012500000000000011
237,RADM,A01.stl,E-玻璃纤维,+x,412,1.2349999999999999,0.8500000000000001,0.125
238,RADM,A01.stl,E-玻璃纤维,+x,412,1.2349999999999999,-0.75,0.45
239,RADM,A01.stl,E-玻璃纤维,+x,412,1.2349999999999999,0.75,0.45
240,RADM,A01.stl,E-玻璃纤维,+x,412,1.2349999999999999,-0.45,0.75
241,RADM,A01.stl,E-玻璃纤维,+x,412,1.2349999999999999,0.45,0.75
242,RADM,A01.stl,E-玻璃纤维,+x,412,1.2349999999999999,-0.25,0.8500000000000001
243,RADM,A01.stl,E-玻璃纤维,+x,412,1.2349999999999999,0.30000000000000004,0.8500000000000001
244,RADM,A01.stl,E-玻璃纤维,+x,176,1.335,-0.8500000000000001,0.30000000000000004
245,RADM,A01.stl,E-玻璃纤维,+x,176,1.335,0.8500000000000001,0.30000000000000004
246,RADM,A01.stl,E-玻璃纤维,+x,412,1.335,-0.75,0.55
247,RADM,A01.stl,E-玻璃纤维,+x,412,1.335,0.75,0.55
248,RADM,A01.stl,E-玻璃纤维,+x,412,1.335,-0.6499999999999999,0.6499999999999999
249,RADM,A01.stl,E-玻璃纤维,+x,412,1.335,0.6499999999999999,0.6499999999999999
250,RADM,A01.stl,E-玻璃纤维,+x,412,1.335,-0.55,0.75
251,RADM,A01.stl,E-玻璃纤维,+x,412,1.335,0.55,0.75
252,RADM,A01.stl,E-玻璃纤维,+x,412,1.335,-0.4,0.8500000000000001
253,RADM,A01.stl,E-玻璃纤维,+x,412,1.335,0.45,0.8500000000000001
254,RADM,A01.stl,E-玻璃纤维,+x,412,1.335,0.0,0.95
255,AL2024,A02.stl,铝合金2024,+z,353,1.45,-0.8500000000000001,0.535
256,AL2024,A02.stl,铝合金2024,+z,353,1.45,0.8500000000000001,0.535
257,AL2024,A02.stl,铝合金2024,+z,353,1.45,-0.55,0.8350000000000001
258,AL2024,A02.stl,铝合金2024,+z,706,1.45,0.55,0.8350000000000001
259,AL2024,A02.stl,铝合金2024,+z,706,1.45,-0.45,0.935
260,AL2024,A02.stl,铝合金2024,+z,353,1.45,-0.35,0.935
261,AL2024,A02.stl,铝合金2024,+z,706,1.45,0.4,0.935
262,AL2024,A02.stl,铝合金2024,+z,706,1.4666666666666668,-0.75,0.735
263,AL2024,A02.stl,铝合金2024,+z,353,1.5666666666666669,-0.75,0.735
264,AL2024,A02.stl,铝合金2024,+z,1471,1.4666666666666668,0.75,0.735
265,AL2024,A02.stl,铝合金2024,+z,706,1.5666666666666669,0.75,0.735
266,AL2024,A02.stl,铝合金2024,+z,1471,1.4333333333333331,-0.6499999999999999,0.8350000000000001
267,AL2024,A02.stl,铝合金2024,+z,706,1.5,-0.6499999999999999,0.8350000000000001
268,AL2024,A02.stl,铝合金2024,+z,353,1.5666666666666669,-0.6499999999999999,0.8350000000000001
269,AL2024,A02.stl,铝合金2024,+z,1471,1.4333333333333331,0.6499999999999999,0.8350000000000001
270,AL2024,A02.stl,铝合金2024,+z,706,1.5,0.6499999999999999,0.8350000000000001
271,AL2024,A02.stl,铝合金2024,+z,353,1.5666666666666669,0.6499999999999999,0.8350000000000001
272,AL2024,A02.stl,铝合金2024,+z,1471,1.4333333333333331,0.0,1.035
273,AL2024,A02.stl,铝合金2024,+z,1471,1.5,-0.15,1.035
274,AL2024,A02.stl,铝合金2024,+z,706,1.5,0.04999999999999999,1.035
275,AL2024,A02.stl,铝合金2024,+z,1471,1.5,0.19999999999999998,1.035
276,AL2024,A02.stl,铝合金2024,+z,706,1.5666666666666669,-0.15,1.035
277,AL2024,A02.stl,铝合金2024,+z,353,1.5666666666666669,0.04999999999999999,1.035
278,AL2024,A02.stl,铝合金2024,+z,706,1.5666666666666669,0.19999999999999998,1.035
279,AL2024,A02.stl,铝合金2024,+z,353,1.55,-0.8500000000000001,0.635
280,AL2024,A02.stl,铝合金2024,+z,353,1.55,0.8500000000000001,0.635
281,AL2024,A02.stl,铝合金2024,+z,706,1.55,-0.55,0.935
282,AL2024,A02.stl,铝合金2024,+z,353,1.65,-0.55,0.935
283,AL2024,A02.stl,铝合金2024,+z,1471,1.55,0.55,0.935
284,AL2024,A02.stl,铝合金2024,+z,706,1.65,0.55,0.935
285,AL2024,A02.stl,铝合金2024,+z,1118,1.55,-0.35,1.035
286,AL2024,A02.stl,铝合金2024,+z,647,1.65,-0.35,1.035
287,AL2024,A02.stl,铝合金2024,+z,1471,1.55,0.35,1.035
288,AL2024,A02.stl,铝合金2024,+z,1353,1.65,0.35,1.035
289,AL2024,A02.stl,铝合金2024,+z,1471,1.6125,-0.45,1.035
290,AL2024,A02.stl,铝合金2024,+z,706,1.7625000000000002,-0.45,1.035
291,AL2024,A02.stl,铝合金2024,+z,1471,1.6125,0.45,1.035
292,AL2024,A02.stl,铝合金2024,+z,706,1.7625000000000002,0.45,1.035
293,AL2024,A02.stl,铝合金2024,+z,353,1.65,-0.95,0.535
294,AL2024,A02.stl,铝合金2024,+z,706,1.65,0.95,0.535
295,AL2024,A02.stl,铝合金2024,+z,353,1.65,-0.75,0.8350000000000001
296,AL2024,A02.stl,铝合金2024,+z,706,1.65,0.75,0.8350000000000001
297,AL2024,A02.stl,铝合金2024,+z,1353,1.65,0.0,1.135
298,AL2024,A02.stl,铝合金2024,+z,706,1.6500000000000001,-0.8500000000000001,0.735
299,AL2024,A02.stl,铝合金2024,+z,353,1.75,-0.8500000000000001,0.735
300,AL2024,A02.stl,铝合金2024,+z,706,1.6500000000000001,0.8500000000000001,0.735
301,AL2024,A02.stl,铝合金2024,+z,353,1.75,0.8500000000000001,0.735
302,AL2024,A02.stl,铝合金2024,+z,1118,1.6500000000000001,-0.6499999999999999,0.935
303,AL2024,A02.stl,铝合金2024,+z,353,1.75,-0.6499999999999999,0.935
304,AL2024,A02.stl,铝合金2024,+z,1471,1.6500000000000001,0.6499999999999999,0.935
305,AL2024,A02.stl,铝合金2024,+z,353,1.75,0.6499999999999999,0.935
306,AL2024,A02.stl,铝合金2024,+z,353,1.75,-0.95,0.635
307,AL2024,A02.stl,铝合金2024,+z,706,1.75,0.95,0.635
308,AL2024,A02.stl,铝合金2024,+z,1118,1.75,-0.75,0.935
309,AL2024,A02.stl,铝合金2024,+z,1471,1.75,0.75,0.935
310,AL2024,A02.stl,铝合金2024,+z,1118,1.75,-0.55,1.035
311,AL2024,A02.stl,铝合金2024,+z,1471,1.75,0.55,1.035
312,AL2024,A02.stl,铝合金2024,+z,1059,1.85,-0.45,1.135
313,AL2024,A02.stl,铝合金2024,+z,1059,1.85,0.45,1.135
314,AL2024,A02.stl,铝合金2024,+z,706,1.85,-0.95,0.735
315,AL2024,A02.stl,铝合金2024,+z,1471,1.85,0.95,0.735
316,AL2024,A02.stl,铝合金2024,+z,706,1.85,-0.6499999999999999,1.035
317,AL2024,A02.stl,铝合金2024,+z,706,1.85,0.6499999999999999,1.035
318,AL2024,A02.stl,铝合金2024,+z,1000,1.95,-0.55,1.135
319,AL2024,A02.stl,铝合金2024,+z,1059,1.95,0.55,1.135
320,AL2024,A02.stl,铝合金2024,+z,706,1.9333333333333331,-0.8500000000000001,0.935
321,AL2024,A02.stl,铝合金2024,+z,353,2.0,-0.8500000000000001,0.935
322,AL2024,A02.stl,铝合金2024,+z,706,1.9333333333333331,0.8500000000000001,0.935
323,AL2024,A02.stl,铝合金2024,+z,353,2.0,0.8500000000000001,0.935
324,AL2024,A02.stl,铝合金2024,+z,706,1.9333333333333331,-0.75,1.035
325,AL2024,A02.stl,铝合金2024,+z,353,2.0,-0.75,1.035
326,AL2024,A02.stl,铝合金2024,+z,1471,1.9333333333333331,0.75,1.035
327,AL2024,A02.stl,铝合金2024,+z,706,2.0,0.75,1.035
328,AL2024,A02.stl,铝合金2024,+z,1235,2.05,-0.6499999999999999,1.135
329,AL2024,A02.stl,铝合金2024,+z,1353,2.05,0.6499999999999999,1.135
330,AL2024,A02.stl,铝合金2024,+z,353,2.1500000000000004,-1.05,0.735
331,AL2024,A02.stl,铝合金2024,+z,706,2.1500000000000004,1.05,0.735
332,AL2024,A02.stl,铝合金2024,+z,1412,2.1500000000000004,-0.75,1.135
333,AL2024,A02.stl,铝合金2024,+z,1471,2.1500000000000004,0.75,1.135
334,AL2024,A02.stl,铝合金2024,+z,706,2.1500000000000004,-0.95,0.935
335,AL2024,A02.stl,铝合金2024,+z,1471,2.1500000000000004,0.95,0.935
336,AL2024,A02.stl,铝合金2024,+z,706,2.1500000000000004,-0.8500000000000001,1.035
337,AL2024,A02.stl,铝合金2024,+z,706,2.1500000000000004,0.8500000000000001,1.035
338,AL2024,A02.stl,铝合金2024,+z,1471,2.1500000000000004,-0.25,1.535
339,AL2024,A02.stl,铝合金2024,+z,1471,2.1500000000000004,0.25,1.535
340,AL2024,A02.stl,铝合金2024,+z,706,2.25,-1.05,0.8350000000000001
341,AL2024,A02.stl,铝合金2024,+z,1471,2.25,1.05,0.8350000000000001
342,AL2024,A02.stl,铝合金2024,+z,706,2.3499999999999996,-0.8500000000000001,1.135
343,AL2024,A02.stl,铝合金2024,+z,706,2.3499999999999996,0.8500000000000001,1.135
344,AL2024,A02.stl,铝合金2024,+z,706,2.333333333333333,-0.95,1.035
345,AL2024,A02.stl,铝合金2024,+z,353,2.4,-0.95,1.035
346,AL2024,A02.stl,铝合金2024,+z,1471,2.333333333333333,0.95,1.035
347,AL2024,A02.stl,铝合金2024,+z,706,2.4,0.95,1.035
348,AL2024,A02.stl,铝合金2024,+z,1059,2.45,-0.25,1.7349999999999999
349,AL2024,A02.stl,铝合金2024,+z,1059,2.45,0.25,1.7349999999999999
350,AL2024,A02.stl,铝合金2024,+z,1000,2.4333333333333336,-0.75,1.335
351,AL2024,A02.stl,铝合金2024,+z,647,2.5,-0.75,1.335
352,AL2024,A02.stl,铝合金2024,+z,1471,2.4333333333333336,0.75,1.335
353,AL2024,A02.stl,铝合金2024,+z,1353,2.5,0.75,1.335
354,AL2024,A02.stl,铝合金2024,+z,1118,2.55,-0.95,1.135
355,AL2024,A02.stl,铝合金2024,+z,1471,2.55,0.95,1.135
356,AL2024,A02.stl,铝合金2024,+z,1471,2.5666666666666664,0.0,1.835
357,AL2024,A02.stl,铝合金2024,+z,706,2.666666666666667,0.0,1.835
358,AL2024,A02.stl,铝合金2024,+z,706,2.5999999999999996,-1.05,1.035
359,AL2024,A02.stl,铝合金2024,+z,1471,2.5999999999999996,1.05,1.035
360,AL2024,A02.stl,铝合金2024,+z,353,2.6500000000000004,-1.25,0.635
361,AL2024,A02.stl,铝合金2024,+z,706,2.6500000000000004,1.25,0.635
362,AL2024,A02.stl,铝合金2024,+z,706,2.6500000000000004,-1.15,0.935
363,AL2024,A02.stl,铝合金2024,+z,706,2.6500000000000004,1.15,0.935
364,AL2024,A02.stl,铝合金2024,+z,1471,2.6500000000000004,-0.25,1.835
365,AL2024,A02.stl,铝合金2024,+z,1471,2.6500000000000004,0.25,1.835
366,AL2024,A02.stl,铝合金2024,+z,1471,2.6500000000000004,-0.35,1.835
367,AL2024,A02.stl,铝合金2024,+z,706,2.75,-0.35,1.835
368,AL2024,A02.stl,铝合金2024,+z,1471,2.7,0.35,1.835
369,AL2024,A02.stl,铝合金2024,+z,706,2.75,-1.25,0.735
370,AL2024,A02.stl,铝合金2024,+z,1471,2.75,1.25,0.735
371,AL2024,A02.stl,铝合金2024,+z,706,2.75,-0.6499999999999999,1.635
372,AL2024,A02.stl,铝合金2024,+z,706,2.75,0.6499999999999999,1.635
373,AL2024,A02.stl,铝合金2024,+z,1471,2.85,0.0,1.9349999999999998
374,AL2024,A02.stl,铝合金2024,+z,706,3.05,0.0,1.9349999999999998
375,AL2024,A02.stl,铝合金2024,+z,1118,2.8499999999999996,-1.05,1.135
376,AL2024,A02.stl,铝合金2024,+z,1471,2.8499999999999996,1.05,1.135
377,AL2024,A02.stl,铝合金2024,+z,1471,2.8666666666666663,-0.45,1.835
378,AL2024,A02.stl,铝合金2024,+z,1471,2.8666666666666663,0.45,1.835
379,AL2024,A02.stl,铝合金2024,+z,706,2.9124999999999996,-1.15,1.035
380,AL2024,A02.stl,铝合金2024,+z,353,3.0625,-1.15,1.035
381,AL2024,A02.stl,铝合金2024,+z,706,2.9124999999999996,1.15,1.035
382,AL2024,A02.stl,铝合金2024,+z,353,3.0625,1.15,1.035
383,AL2024,A02.stl,铝合金2024,+z,1471,2.96,-0.25,1.9349999999999998
384,AL2024,A02.stl,铝合金2024,+z,706,3.16,-0.25,1.9349999999999998
385,AL2024,A02.stl,铝合金2024,+z,1471,2.92,0.25,1.9349999999999998
386,AL2024,A02.stl,铝合金2024,+z,1118,3.08,0.25,1.9349999999999998
387,AL2024,A02.stl,铝合金2024,+z,353,3.16,0.25,1.9349999999999998
388,AL2024,A02.stl,铝合金2024,+z,706,2.966666666666667,-0.6499999999999999,1.7349999999999999
389,AL2024,A02.stl,铝合金2024,+z,353,3.0666666666666664,-0.6499999999999999,1.7349999999999999
390,AL2024,A02.stl,铝合金2024,+z,706,2.966666666666667,0.6499999999999999,1.7349999999999999
391,AL2024,A02.stl,铝合金2024,+z,353,3.0666666666666664,0.6499999999999999,1.7349999999999999
392,AL2024,A02.stl,铝合金2024,+z,706,3.05,-0.55,1.835
393,AL2024,A02.stl,铝合金2024,+z,1471,3.05,0.55,1.835
394,AL2024,A02.stl,铝合金2024,+z,1471,3.0,-0.35,1.9349999999999998
395,AL2024,A02.stl,铝合金2024,+z,1118,3.1500000000000004,-0.35,1.9349999999999998
396,AL2024,A02.stl,铝合金2024,+z,706,3.25,-0.35,1.9349999999999998
397,AL2024,A02.stl,铝合金2024,+z,1471,3.0999999999999996,0.35,1.9349999999999998
398,AL2024,A02.stl,铝合金2024,+z,706,3.0666666666666664,-1.25,0.935
399,AL2024,A02.stl,铝合金2024,+z,353,3.166666666666667,-1.25,0.935
400,AL2024,A02.stl,铝合金2024,+z,1471,3.0666666666666664,1.25,0.935
401,AL2024,A02.stl,铝合金2024,+z,706,3.166666666666667,1.25,0.935
402,AL2024,A02.stl,铝合金2024,+z,1471,3.257142857142857,-0.45,1.9349999999999998
403,AL2024,A02.stl,铝合金2024,+z,706,3.557142857142857,-0.45,1.9349999999999998
404,AL2024,A02.stl,铝合金2024,+z,1471,3.257142857142857,0.45,1.9349999999999998
405,AL2024,A02.stl,铝合金2024,+z,706,3.557142857142857,0.45,1.9349999999999998
406,AL2024,A02.stl,铝合金2024,+z,353,3.1500000000000004,-1.35,0.635
407,AL2024,A02.stl,铝合金2024,+z,353,3.1500000000000004,1.35,0.635
408,AL2024,A02.stl,铝合金2024,+z,1118,3.1500000000000004,-1.15,1.135
409,AL2024,A02.stl,铝合金2024,+z,1294,3.1500000000000004,1.15,1.135
410,AL2024,A02.stl,铝合金2024,+z,1471,3.1428571428571432,-0.6499999999999999,1.835
411,AL2024,A02.stl,铝合金2024,+z,1118,3.2285714285714286,-0.6499999999999999,1.835
412,AL2024,A02.stl,铝合金2024,+z,706,3.4857142857142858,-0.6499999999999999,1.835
413,AL2024,A02.stl,铝合金2024,+z,1471,3.1428571428571432,0.6499999999999999,1.835
414,AL2024,A02.stl,铝合金2024,+z,1118,3.2285714285714286,0.6499999999999999,1.835
415,AL2024,A02.stl,铝合金2024,+z,706,3.4857142857142858,0.6499999999999999,1.835
416,AL2024,A02.stl,铝合金2024,+z,1471,3.357142857142857,0.0,2.035
417,AL2024,A02.stl,铝合金2024,+z,706,3.6571428571428575,0.0,2.035
418,AL2024,A02.stl,铝合金2024,+z,1471,3.35,-0.15000000000000002,2.035
419,AL2024,A02.stl,铝合金2024,+z,1118,3.65,-0.15000000000000002,2.035
420,AL2024,A02.stl,铝合金2024,+z,1471,3.35,0.15000000000000002,2.035
421,AL2024,A02.stl,铝合金2024,+z,1118,3.65,0.15000000000000002,2.035
422,AL2024,A02.stl,铝合金2024,+z,706,3.25,-1.35,0.735
423,AL2024,A02.stl,铝合金2024,+z,706,3.25,1.35,0.735
424,AL2024,A02.stl,铝合金2024,+z,706,3.3,-1.25,1.035
425,AL2024,A02.stl,铝合金2024,+z,1471,3.3,1.25,1.035
426,AL2024,A02.stl,铝合金2024,+z,706,3.35,-0.75,1.7349999999999999
427,AL2024,A02.stl,铝合金2024,+z,353,3.55,-0.75,1.7349999999999999
428,AL2024,A02.stl,铝合金2024,+z,1471,3.35,0.75,1.7349999999999999
429,AL2024,A02.stl,铝合金2024,+z,706,3.55,0.75,1.7349999999999999
430,AL2024,A02.stl,铝合金2024,+z,1471,3.5,-0.25,2.035
431,AL2024,A02.stl,铝合金2024,+z,706,3.8499999999999996,-0.25,2.035
432,AL2024,A02.stl,铝合金2024,+z,1471,3.45,0.25,2.035
433,AL2024,A02.stl,铝合金2024,+z,706,3.75,0.25,2.035
434,AL2024,A02.stl,铝合金2024,+z,353,3.8499999999999996,0.25,2.035
435,AL2024,A02.stl,铝合金2024,+z,1471,3.43125,-0.55,1.9349999999999998
436,AL2024,A02.stl,铝合金2024,+z,706,3.7375,-0.55,1.9349999999999998
437,AL2024,A02.stl,铝合金2024,+z,1471,3.60625,0.55,1.9349999999999998
438,AL2024,A02.stl,铝合金2024,+z,1471,3.6222222222222222,-0.35,2.035
439,AL2024,A02.stl,铝合金2024,+z,706,3.977777777777778,-0.35,2.035
440,AL2024,A02.stl,铝合金2024,+z,353,4.155555555555556,-0.35,2.035
441,AL2024,A02.stl,铝合金2024,+z,1471,3.7555555555555555,0.35,2.035
442,AL2024,A02.stl,铝合金2024,+z,706,4.155555555555556,0.35,2.035
443,AL2024,A02.stl,铝合金2024,+z,1235,3.5666666666666664,-1.25,1.135
444,AL2024,A02.stl,铝合金2024,+z,1118,3.666666666666667,-1.25,1.135
445,AL2024,A02.stl,铝合金2024,+z,1471,3.6,1.25,1.135
446,AL2024,A02.stl,铝合金2024,+z,706,3.5999999999999996,-1.35,0.935
447,AL2024,A02.stl,铝合金2024,+z,706,3.5999999999999996,1.35,0.935
448,AL2024,A02.stl,铝合金2024,+z,1471,3.6500000000000004,-0.75,1.835
449,AL2024,A02.stl,铝合金2024,+z,706,3.95,-0.75,1.835
450,AL2024,A02.stl,铝合金2024,+z,1471,3.9000000000000004,0.75,1.835
451,AL2024,A02.stl,铝合金2024,+z,1471,4.05,-0.45,2.035
452,AL2024,A02.stl,铝合金2024,+z,1471,4.05,0.45,2.035
453,AL2024,A02.stl,铝合金2024,+z,706,3.9000000000000004,-0.8500000000000001,1.7349999999999999
454,AL2024,A02.stl,铝合金2024,+z,353,4.15,-0.8500000000000001,1.7349999999999999
455,AL2024,A02.stl,铝合金2024,+z,706,3.9000000000000004,0.8500000000000001,1.7349999999999999
456,AL2024,A02.stl,铝合金2024,+z,353,4.15,0.8500000000000001,1.7349999999999999
457,AL2024,A02.stl,铝合金2024,+z,1471,3.8,-0.6499999999999999,1.9349999999999998
458,AL2024,A02.stl,铝合金2024,+z,706,4.2,-0.6499999999999999,1.9349999999999998
459,AL2024,A02.stl,铝合金2024,+z,1471,3.8,0.6499999999999999,1.9349999999999998
460,AL2024,A02.stl,铝合金2024,+z,706,4.2,0.6499999999999999,1.9349999999999998
461,AL2024,A02.stl,铝合金2024,+z,1471,4.15,0.0,2.1350000000000002
462,AL2024,A02.stl,铝合金2024,+z,706,4.65,0.0,2.1350000000000002
463,AL2024,A02.stl,铝合金2024,+z,1471,3.833333333333333,-1.45,0.535
464,AL2024,A02.stl,铝合金2024,+z,706,3.9,-1.45,0.535
465,AL2024,A02.stl,铝合金2024,+z,1471,3.833333333333333,1.45,0.535
466,AL2024,A02.stl,铝合金2024,+z,706,3.9,1.45,0.535
467,AL2024,A02.stl,铝合金2024,+z,706,3.96,-1.35,1.035
468,AL2024,A02.stl,铝合金2024,+z,353,4.16,-1.35,1.035
469,AL2024,A02.stl,铝合金2024,+z,706,3.96,1.35,1.035
470,AL2024,A02.stl,铝合金2024,+z,353,4.16,1.35,1.035
471,AL2024,A02.stl,铝合金2024,+z,1471,4.199999999999999,-0.15000000000000002,2.1350000000000002
472,AL2024,A02.stl,铝合金2024,+z,1118,4.65,-0.15000000000000002,2.1350000000000002
473,AL2024,A02.stl,铝合金2024,+z,1471,4.25,0.15000000000000002,2.1350000000000002
474,AL2024,A02.stl,铝合金2024,+z,1471,4.45,-0.25,2.1350000000000002
475,AL2024,A02.stl,铝合金2024,+z,1471,4.3,0.25,2.1350000000000002
476,AL2024,A02.stl,铝合金2024,+z,706,4.85,0.25,2.1350000000000002
477,AL2024,A02.stl,铝合金2024,+z,1471,4.230769230769231,-0.55,2.035
478,AL2024,A02.stl,铝合金2024,+z,1118,4.507692307692308,-0.55,2.035
479,AL2024,A02.stl,铝合金2024,+z,706,4.830769230769231,-0.55,2.035
480,AL2024,A02.stl,铝合金2024,+z,353,5.153846153846154,-0.55,2.035
481,AL2024,A02.stl,铝合金2024,+z,1471,4.553846153846154,0.55,2.035
482,AL2024,A02.stl,铝合金2024,+z,706,5.153846153846154,0.55,2.035
483,AL2024,A02.stl,铝合金2024,+z,706,4.133333333333333,-0.95,1.635
484,AL2024,A02.stl,铝合金2024,+z,353,4.199999999999999,-0.95,1.635
485,AL2024,A02.stl,铝合金2024,+z,1471,4.133333333333333,0.95,1.635
486,AL2024,A02.stl,铝合金2024,+z,706,4.199999999999999,0.95,1.635
487,AL2024,A02.stl,铝合金2024,+z,1471,4.2125,-1.45,0.735
488,AL2024,A02.stl,铝合金2024,+z,706,4.362500000000001,-1.45,0.735
489,AL2024,A02.stl,铝合金2024,+z,1471,4.2125,1.45,0.735
490,AL2024,A02.stl,铝合金2024,+z,706,4.362500000000001,1.45,0.735
491,AL2024,A02.stl,铝合金2024,+z,706,4.2666666666666675,-1.05,1.535
492,AL2024,A02.stl,铝合金2024,+z,353,4.366666666666667,-1.05,1.535
493,AL2024,A02.stl,铝合金2024,+z,1471,4.2666666666666675,1.05,1.535
494,AL2024,A02.stl,铝合金2024,+z,706,4.366666666666667,1.05,1.535
495,AL2024,A02.stl,铝合金2024,+z,706,4.300000000000001,-1.35,1.135
496,AL2024,A02.stl,铝合金2024,+z,706,4.300000000000001,1.35,1.135
497,AL2024,A02.stl,铝合金2024,+z,706,4.6,-0.8500000000000001,1.835
498,AL2024,A02.stl,铝合金2024,+z,706,4.6,0.8500000000000001,1.835
499,AL2024,A02.stl,铝合金2024,+z,1471,4.6,-0.35,2.1350000000000002
500,AL2024,A02.stl,铝合金2024,+z,706,5.300000000000001,-0.35,2.1350000000000002
501,AL2024,A02.stl,铝合金2024,+z,353,5.65,-0.35,2.1350000000000002
502,AL2024,A02.stl,铝合金2024,+z,1471,4.9,0.35,2.1350000000000002
503,AL2024,A02.stl,铝合金2024,+z,706,5.65,0.35,2.1350000000000002
504,AL2024,A02.stl,铝合金2024,+z,706,4.333333333333333,-1.15,1.4349999999999998
505,AL2024,A02.stl,铝合金2024,+z,353,4.4,-1.15,1.4349999999999998
506,AL2024,A02.stl,铝合金2024,+z,706,4.333333333333333,1.15,1.4349999999999998
507,AL2024,A02.stl,铝合金2024,+z,353,4.4,1.15,1.4349999999999998
508,AL2024,A02.stl,铝合金2024,+z,706,4.4,-1.25,1.335
509,AL2024,A02.stl,铝合金2024,+z,1471,4.4,1.25,1.335
510,AL2024,A02.stl,铝合金2024,+z,706,4.557142857142857,-0.95,1.7349999999999999
511,AL2024,A02.stl,铝合金2024,+z,353,4.857142857142858,-0.95,1.7349999999999999
512,AL2024,A02.stl,铝合金2024,+z,1471,4.557142857142857,0.95,1.7349999999999999
513,AL2024,A02.stl,铝合金2024,+z,706,4.857142857142858,0.95,1.7349999999999999
514,AL2024,A02.stl,铝合金2024,+z,1471,4.392307692307693,-0.75,1.9349999999999998
515,AL2024,A02.stl,铝合金2024,+z,706,4.946153846153846,-0.75,1.9349999999999998
516,AL2024,A02.stl,铝合金2024,+z,1471,4.853846153846154,0.75,1.9349999999999998
517,AL2024,A02.stl,铝合金2024,+z,1471,4.5,-1.45,0.8350000000000001
518,AL2024,A02.stl,铝合金2024,+z,706,4.65,-1.45,0.8350000000000001
519,AL2024,A02.stl,铝合金2024,+z,1471,4.5,1.45,0.8350000000000001
520,AL2024,A02.stl,铝合金2024,+z,706,4.65,1.45,0.8350000000000001
521,AL2024,A02.stl,铝合金2024,+z,706,4.6000000000000005,-1.05,1.635
522,AL2024,A02.stl,铝合金2024,+z,353,4.8500000000000005,-1.05,1.635
523,AL2024,A02.stl,铝合金2024,+z,1471,4.6000000000000005,1.05,1.635
524,AL2024,A02.stl,铝合金2024,+z,706,4.8500000000000005,1.05,1.635
525,AL2024,A02.stl,铝合金2024,+z,706,4.7,-1.35,1.2349999999999999
526,AL2024,A02.stl,铝合金2024,+z,706,4.7,1.35,1.2349999999999999
527,AL2024,A02.stl,铝合金2024,+z,706,4.7,-1.15,1.535
528,AL2024,A02.stl,铝合金2024,+z,706,4.7,1.15,1.535
529,AL2024,A02.stl,铝合金2024,+z,706,4.90625,-1.25,1.4349999999999998
530,AL2024,A02.stl,铝合金2024,+z,1471,4.90625,1.25,1.4349999999999998
531,AL2024,A02.stl,铝合金2024,+z,1471,4.85,-0.6499999999999999,2.035
532,AL2024,A02.stl,铝合金2024,+z,1118,5.1499999999999995,-0.6499999999999999,2.035
533,AL2024,A02.stl,铝合金2024,+z,706,6.699999999999999,-0.6499999999999999,2.035
534,AL2024,A02.stl,铝合金2024,+z,1471,4.85,0.6499999999999999,2.035
535,AL2024,A02.stl,铝合金2024,+z,1118,5.1499999999999995,0.6499999999999999,2.035
536,AL2024,A02.stl,铝合金2024,+z,706,6.699999999999999,0.6499999999999999,2.035
537,AL2024,A02.stl,铝合金2024,+z,1471,6.3999999999999995,-0.45,2.1350000000000002
538,AL2024,A02.stl,铝合金2024,+z,1471,6.3999999999999995,0.45,2.1350000000000002
539,AL2024,A02.stl,铝合金2024,+z,1471,4.800000000000001,-1.45,0.935
540,AL2024,A02.stl,铝合金2024,+z,1471,4.800000000000001,1.45,0.935
541,AL2024,A02.stl,铝合金2024,+z,1471,6.449999999999999,0.0,2.2350000000000003
542,AL2024,A02.stl,铝合金2024,+z,1471,6.5,-0.15000000000000002,2.2350000000000003
543,AL2024,A02.stl,铝合金2024,+z,1471,6.5,0.15000000000000002,2.2350000000000003
544,AL2024,A02.stl,铝合金2024,+z,706,6.55,-1.05,1.7349999999999999
545,AL2024,A02.stl,铝合金2024,+z,1471,6.55,1.05,1.7349999999999999
546,AL2024,A02.stl,铝合金2024,+z,1471,4.95,-0.95,1.835
547,AL2024,A02.stl,铝合金2024,+z,706,6.6,-0.95,1.835
548,AL2024,A02.stl,铝合金2024,+z,1471,6.55,0.95,1.835
549,AL2024,A02.stl,铝合金2024,+z,1471,5.30625,-1.45,1.035
550,AL2024,A02.stl,铝合金2024,+z,706,5.65625,-1.45,1.035
551,AL2024,A02.stl,铝合金2024,+z,1471,5.30625,1.45,1.035
552,AL2024,A02.stl,铝合金2024,+z,706,5.65625,1.45,1.035
553,AL2024,A02.stl,铝合金2024,+z,706,6.6,-1.35,1.335
554,AL2024,A02.stl,铝合金2024,+z,706,6.6,1.35,1.335
555,AL2024,A02.stl,铝合金2024,+z,706,6.6,-1.15,1.635
556,AL2024,A02.stl,铝合金2024,+z,706,6.6,1.15,1.635
557,AL2024,A02.stl,铝合金2024,+z,1471,5.25,-0.8500000000000001,1.9349999999999998
558,AL2024,A02.stl,铝合金2024,+z,706,6.799999999999999,-0.8500000000000001,1.9349999999999998
559,AL2024,A02.stl,铝合金2024,+z,1471,5.25,0.8500000000000001,1.9349999999999998
560,AL2024,A02.stl,铝合金2024,+z,706,6.799999999999999,0.8500000000000001,1.9349999999999998
561,AL2024,A02.stl,铝合金2024,+z,1471,6.6499999999999995,-0.25,2.2350000000000003
562,AL2024,A02.stl,铝合金2024,+z,1471,6.6499999999999995,0.25,2.2350000000000003
563,AL2024,A02.stl,铝合金2024,+z,1471,6.699999999999999,-0.55,2.1350000000000002
564,AL2024,A02.stl,铝合金2024,+z,1471,6.699999999999999,0.55,2.1350000000000002
565,AL2024,A02.stl,铝合金2024,+z,706,6.75,-1.25,1.535
566,AL2024,A02.stl,铝合金2024,+z,1471,6.75,1.25,1.535
567,AL2024,A02.stl,铝合金2024,+z,1471,6.85,-0.75,2.035
568,AL2024,A02.stl,铝合金2024,+z,1471,6.85,0.75,2.035
569,AL2024,A02.stl,铝合金2024,+z,1471,6.949999999999999,-1.45,1.135
570,AL2024,A02.stl,铝合金2024,+z,1471,6.949999999999999,1.45,1.135
571,AL2024,A02.stl,铝合金2024,+z,1471,6.949999999999999,-0.35,2.2350000000000003
572,AL2024,A02.stl,铝合金2024,+z,1471,6.949999999999999,0.35,2.2350000000000003
573,AL2024,A02.stl,铝合金2024,+x,59,1.7349999999999999,-0.35,1.05
574,AL2024,A02.stl,铝合金2024,+x,176,1.7349999999999999,0.35,1.05
575,AL2024,A02.stl,铝合金2024,+x,176,2.6350000000000002,-0.75,1.35
576,AL2024,A02.stl,铝合金2024,+x,353,2.6350000000000002,0.75,1.35
577,AL2024,A02.stl,铝合金2024,+x,176,2.7350000000000003,0.0,1.85
578,AL2024,A02.stl,铝合金2024,+x,176,2.835,-0.25,1.85
579,AL2024,A02.stl,铝合金2024,+x,176,2.835,0.25,1.85
580,AL2024,A02.stl,铝合金2024,+x,176,2.935,-0.35,1.85
581,AL2024,A02.stl,铝合金2024,+x,176,2.935,0.35,1.85
582,AL2024,A02.stl,铝合金2024,+x,176,3.035,-0.45,1.85
583,AL2024,A02.stl,铝合金2024,+x,176,3.035,0.45,1.85
584,AL2024,A02.stl,铝合金2024,+x,176,3.335,-0.55,1.85
585,AL2024,A02.stl,铝合金2024,+x,176,3.335,0.55,1.85
586,AL2024,A02.stl,铝合金2024,+x,176,3.7350000000000003,-0.6499999999999999,1.85
587,AL2024,A02.stl,铝合金2024,+x,176,3.7350000000000003,0.6499999999999999,1.85
588,AL2024,A02.stl,铝合金2024,+x,176,4.335,-0.75,1.85
589,AL2024,A02.stl,铝合金2024,+x,176,4.335,0.75,1.85
590,AL2024,A02.stl,铝合金2024,+x,176,5.135,-0.8500000000000001,1.85
591,AL2024,A02.stl,铝合金2024,+x,176,5.135,0.8500000000000001,1.85
592,AL2024,A02.stl,铝合金2024,+z,1471,8.279166499999999,-1.1749999999999998,1.635
593,AL2024,A02.stl,铝合金2024,+z,1471,8.279166499999999,1.1749999999999998,1.635
594,AL2024,A02.stl,铝合金2024,+z,1471,8.5166665,-0.225,2.2350000000000003
595,AL2024,A02.stl,铝合金2024,+z,1471,8.5166665,0.225,2.2350000000000003
596,AL2024,A02.stl,铝合金2024,+z,1471,8.5958335,-0.725,2.035
597,AL2024,A02.stl,铝合金2024,+z,1471,8.5958335,0.725,2.035
598,AL2024,A02.stl,铝合金2024,+z,1471,8.5958335,-0.42500000000000004,2.185
599,AL2024,A02.stl,铝合金2024,+z,1471,8.5958335,0.42500000000000004,2.185
600,AL2024,A02.stl,铝合金2024,+z,1471,8.648610999999999,-0.925,1.885
601,AL2024,A02.stl,铝合金2024,+z,1471,8.648610999999999,0.925,1.885
602,AL2024,A02.stl,铝合金2024,+z,1471,9.207576181818183,1.0750000000000002,-1.615
603,AL2024,A02.stl,铝合金2024,+z,1471,8.833333499999998,-0.175,2.2350000000000003
604,AL2024,A02.stl,铝合金2024,+z,1471,8.833333499999998,0.175,2.2350000000000003
605,AL2024,A02.stl,铝合金2024,+z,1471,8.991666500000001,1.125,1.6849999999999998
606,AL2024,A02.stl,铝合金2024,+z,1471,9.451143705882354,-0.775,-1.7650000000000001
607,AL2024,A02.stl,铝合金2024,+z,1471,9.451143705882354,0.775,-1.7650000000000001
608,AL2024,A02.stl,铝合金2024,+z,1471,9.0180555,-0.125,2.2350000000000003
609,AL2024,A02.stl,铝合金2024,+z,1471,9.0180555,0.125,2.2350000000000003
610,AL2024,A02.stl,铝合金2024,+z,1471,9.047376333333332,-0.050000000000000044,-1.8150000000000002
611,AL2024,A02.stl,铝合金2024,+z,1118,9.047376333333332,0.6499999999999999,-1.8150000000000002
612,AL2024,A02.stl,铝合金2024,+z,1471,9.545832999999998,0.0,-1.8150000000000002
613,AL2024,A02.stl,铝合金2024,+z,1471,9.545832999999998,-0.825,-1.7650000000000001
614,AL2024,A02.stl,铝合金2024,+z,1471,9.545832999999998,0.825,-1.7650000000000001
615,AL2024,A02.stl,铝合金2024,+z,1471,9.545832999999998,-0.95,-1.715
616,AL2024,A02.stl,铝合金2024,+z,706,9.545832999999998,0.95,-1.715
617,AL2024,A02.stl,铝合金2024,+z,1471,9.545832999999998,-1.025,-1.665
618,AL2024,A02.stl,铝合金2024,+z,1471,9.545832999999998,1.025,-1.665
619,AL2024,A02.stl,铝合金2024,+z,1471,9.595678666666666,-1.1749999999999998,-1.5650000000000002
620,AL2024,A02.stl,铝合金2024,+z,706,9.246759,-1.225,-1.5150000000000001
621,AL2024,A02.stl,铝合金2024,+z,1471,9.645524333333334,-1.225,-1.5150000000000001
622,AL2024,A02.stl,铝合金2024,+z,706,9.246759,-1.275,-1.465
623,AL2024,A02.stl,铝合金2024,+z,1471,9.645524333333334,-1.275,-1.465
624,AL2024,A02.stl,铝合金2024,+z,706,9.246759,1.275,-1.465
625,AL2024,A02.stl,铝合金2024,+z,1471,9.645524333333334,1.275,-1.465
626,AL2024,A02.stl,铝合金2024,+z,1471,9.645524333333334,-1.3250000000000002,-1.415
627,AL2024,A02.stl,铝合金2024,+z,1471,9.645524333333334,1.3250000000000002,-1.415
628,AL2024,A02.stl,铝合金2024,+z,1471,9.745215666666667,-1.375,-1.3150000000000002
629,AL2024,A02.stl,铝合金2024,+z,1471,9.745215666666667,-1.475,-1.115
630,AL2024,A02.stl,铝合金2024,+z,1471,9.745215666666667,1.475,-1.115
631,AL2024,A02.stl,铝合金2024,+z,1471,9.097221999999999,1.475,0.985
632,AL2024,A02.stl,铝合金2024,+z,1471,9.097221999999999,-1.4249999999999998,1.1849999999999998
633,AL2024,A02.stl,铝合金2024,+z,1471,9.097221999999999,1.4249999999999998,1.1849999999999998
634,AL2024,A02.stl,铝合金2024,+z,1471,9.097221999999999,1.275,1.4849999999999999
635,AL2024,A02.stl,铝合金2024,+z,1471,9.097221999999999,1.225,1.535
636,AL2024,A02.stl,铝合金2024,+z,1471,9.097221999999999,1.0750000000000002,1.7349999999999999
637,AL2024,A02.stl,铝合金2024,+z,1471,9.097221999999999,1.025,1.785
638,AL2024,A02.stl,铝合金2024,+z,706,9.147067666666665,-0.975,1.835
639,AL2024,A02.stl,铝合金2024,+z,1471,9.595678666666666,-0.975,1.835
640,AL2024,A02.stl,铝合金2024,+z,1471,9.097221999999999,0.975,1.835
641,AL2024,A02.stl,铝合金2024,+z,1471,9.097221999999999,-0.875,1.885
642,AL2024,A02.stl,铝合金2024,+z,1471,9.097221999999999,0.875,1.885
643,AL2024,A02.stl,铝合金2024,+z,1471,9.097221999999999,0.825,1.9349999999999998
644,AL2024,A02.stl,铝合金2024,+z,706,9.047376333333332,-0.775,1.9849999999999999
645,AL2024,A02.stl,铝合金2024,+z,1471,9.545832999999998,-0.775,1.9849999999999999
646,AL2024,A02.stl,铝合金2024,+z,1471,9.097221999999999,0.775,1.9849999999999999
647,AL2024,A02.stl,铝合金2024,+z,1471,9.097221999999999,-0.675,2.035
648,AL2024,A02.stl,铝合金2024,+z,1471,9.097221999999999,0.675,2.035
649,AL2024,A02.stl,铝合金2024,+z,706,9.097221999999999,-0.6000000000000001,2.085
650,AL2024,A02.stl,铝合金2024,+z,706,9.097221999999999,0.6000000000000001,2.085
651,AL2024,A02.stl,铝合金2024,+z,1471,9.097221999999999,-0.5,2.1350000000000002
652,AL2024,A02.stl,铝合金2024,+z,1471,9.097221999999999,0.5,2.1350000000000002
653,AL2024,A02.stl,铝合金2024,+z,1471,8.548919666666666,-0.36250000000000004,2.185
654,AL2024,A02.stl,铝合金2024,+z,706,8.548919666666666,-0.2875,2.185
655,AL2024,A02.stl,铝合金2024,+z,1471,9.446141666666666,-0.325,2.185
656,AL2024,A02.stl,铝合金2024,+z,1471,9.097221999999999,0.325,2.185
657,AL2024,A02.stl,铝合金2024,+z,1471,9.097221999999999,0.0,2.2350000000000003
658,AL2024,A02.stl,铝合金2024,+z,706,9.075231388888888,-0.875,-1.7650000000000001
659,AL2024,A02.stl,铝合金2024,+z,1471,9.5590275,-0.875,-1.7650000000000001
660,AL2024,A02.stl,铝合金2024,+z,1471,9.224509411764705,-1.1749999999999998,1.585
661,AL2024,A02.stl,铝合金2024,+z,1471,9.224509411764705,1.1749999999999998,1.585
662,AL2024,A02.stl,铝合金2024,+z,1471,9.519444,-0.725,-1.8150000000000002
663,AL2024,A02.stl,铝合金2024,+z,1471,9.946943999999998,0.725,-1.8150000000000002
664,AL2024,A02.stl,铝合金2024,+z,706,8.881712624999999,-0.225,2.185
665,AL2024,A02.stl,铝合金2024,+z,1471,9.462268125,-0.225,2.185
666,AL2024,A02.stl,铝合金2024,+z,706,8.881712624999999,0.225,2.185
667,AL2024,A02.stl,铝合金2024,+z,1471,9.462268125,0.225,2.185
668,AL2024,A02.stl,铝合金2024,+z,706,9.037247772727273,0.725,1.9849999999999999
669,AL2024,A02.stl,铝合金2024,+z,1471,9.538636272727272,0.725,1.9849999999999999
670,AL2024,A02.stl,铝合金2024,+z,1471,9.4930555,-0.42500000000000004,2.1350000000000002
671,AL2024,A02.stl,铝合金2024,+z,1471,9.4930555,0.42500000000000004,2.1350000000000002
672,AL2024,A02.stl,铝合金2024,+z,706,9.147067666666667,0.925,1.835
673,AL2024,A02.stl,铝合金2024,+z,1471,9.595678666666666,0.925,1.835
674,AL2024,A02.stl,铝合金2024,+z,1471,9.763541499999999,-1.0750000000000002,-1.665
675,AL2024,A02.stl,铝合金2024,+z,1471,9.6711805,1.0750000000000002,-1.665
676,AL2024,A02.stl,铝合金2024,+z,1471,9.752546083333332,-1.4249999999999998,-1.2650000000000001
677,AL2024,A02.stl,铝合金2024,+z,1471,9.774536916666666,-0.175,2.185
678,AL2024,A02.stl,铝合金2024,+z,1471,9.774536916666666,0.175,2.185
679,AL2024,A02.stl,铝合金2024,+z,706,9.87569425,-0.775,-1.8150000000000002
680,AL2024,A02.stl,铝合金2024,+z,1471,9.95486075,-0.775,-1.8150000000000002
681,AL2024,A02.stl,铝合金2024,+z,706,9.87569425,0.775,-1.8150000000000002
682,AL2024,A02.stl,铝合金2024,+z,1471,9.95486075,0.775,-1.8150000000000002
683,AL2024,A02.stl,铝合金2024,+z,706,9.87569425,0.125,2.185
684,AL2024,A02.stl,铝合金2024,+z,1471,9.95486075,0.125,2.185
685,AL2024,A02.stl,铝合金2024,+x,412,9.026667,-0.42500000000000004,2.125
686,AL2024,A02.stl,铝合金2024,+x,412,9.026667,0.42500000000000004,2.125
687,WINS,A03.stl,丙烯酸塑料,+z,647,1.75,-0.35,1.135
688,WINS,A03.stl,丙烯酸塑料,+z,1353,1.75,0.35,1.135
689,WINS,A03.stl,丙烯酸塑料,+z,1471,1.75,0.0,1.2349999999999999
690,WINS,A03.stl,丙烯酸塑料,+z,1059,1.8499999999999999,0.0,1.2349999999999999
691,WINS,A03.stl,丙烯酸塑料,+z,1059,1.85,-0.35,1.2349999999999999
692,WINS,A03.stl,丙烯酸塑料,+z,1059,1.85,0.35,1.2349999999999999
693,WINS,A03.stl,丙烯酸塑料,+z,1059,1.95,-2.7755575615628914e-17,1.335
694,WINS,A03.stl,丙烯酸塑料,+z,1471,1.9333333333333331,-0.45,1.2349999999999999
695,WINS,A03.stl,丙烯酸塑料,+z,1353,2.0,-0.45,1.2349999999999999
696,WINS,A03.stl,丙烯酸塑料,+z,1059,2.0666666666666664,-0.45,1.2349999999999999
697,WINS,A03.stl,丙烯酸塑料,+z,1471,1.9333333333333331,0.45,1.2349999999999999
698,WINS,A03.stl,丙烯酸塑料,+z,1353,2.0,0.45,1.2349999999999999
699,WINS,A03.stl,丙烯酸塑料,+z,1000,2.0666666666666664,0.45,1.2349999999999999
700,WINS,A03.stl,丙烯酸塑料,+z,706,1.9333333333333331,-0.35,1.335
701,WINS,A03.stl,丙烯酸塑料,+z,647,2.0,-0.35,1.335
702,WINS,A03.stl,丙烯酸塑料,+z,471,2.0666666666666664,-0.35,1.335
703,WINS,A03.stl,丙烯酸塑料,+z,1471,1.9333333333333331,0.35,1.335
704,WINS,A03.stl,丙烯酸塑料,+z,1353,2.0,0.35,1.335
705,WINS,A03.stl,丙烯酸塑料,+z,1000,2.0666666666666664,0.35,1.335
706,WINS,A03.stl,丙烯酸塑料,+z,1059,2.05,0.0,1.4349999999999998
707,WINS,A03.stl,丙烯酸塑料,+z,1294,2.033333333333333,-0.55,1.2349999999999999
708,WINS,A03.stl,丙烯酸塑料,+z,1235,2.1,-0.55,1.2349999999999999
709,WINS,A03.stl,丙烯酸塑料,+z,941,2.166666666666667,-0.55,1.2349999999999999
710,WINS,A03.stl,丙烯酸塑料,+z,1471,2.0666666666666664,0.55,1.2349999999999999
711,WINS,A03.stl,丙烯酸塑料,+z,1235,2.166666666666667,0.55,1.2349999999999999
712,WINS,A03.stl,丙烯酸塑料,+z,1059,2.1500000000000004,-0.6499999999999999,1.135
713,WINS,A03.stl,丙烯酸塑料,+z,1235,2.1500000000000004,0.6499999999999999,1.135
714,WINS,A03.stl,丙烯酸塑料,+z,1353,2.1500000000000004,-0.45,1.335
715,WINS,A03.stl,丙烯酸塑料,+z,1353,2.1500000000000004,0.45,1.335
716,WINS,A03.stl,丙烯酸塑料,+z,647,2.1500000000000004,-0.35,1.4349999999999998
717,WINS,A03.stl,丙烯酸塑料,+z,1353,2.1500000000000004,0.35,1.4349999999999998
718,WINS,A03.stl,丙烯酸塑料,+z,1353,2.1500000000000004,0.0,1.535
719,WINS,A03.stl,丙烯酸塑料,+z,882,2.25,-0.75,1.135
720,WINS,A03.stl,丙烯酸塑料,+z,1059,2.25,0.75,1.135
721,WINS,A03.stl,丙烯酸塑料,+z,882,2.25,-0.6499999999999999,1.2349999999999999
722,WINS,A03.stl,丙烯酸塑料,+z,1000,2.25,0.6499999999999999,1.2349999999999999
723,WINS,A03.stl,丙烯酸塑料,+z,882,2.25,-0.55,1.335
724,WINS,A03.stl,丙烯酸塑料,+z,1059,2.25,0.55,1.335
725,WINS,A03.stl,丙烯酸塑料,+z,1059,2.25,-0.45,1.4349999999999998
726,WINS,A03.stl,丙烯酸塑料,+z,1059,2.25,0.45,1.4349999999999998
727,WINS,A03.stl,丙烯酸塑料,+z,706,2.25,-0.35,1.535
728,WINS,A03.stl,丙烯酸塑料,+z,529,2.3499999999999996,-0.35,1.535
729,WINS,A03.stl,丙烯酸塑料,+z,1471,2.25,0.35,1.535
730,WINS,A03.stl,丙烯酸塑料,+z,1059,2.3499999999999996,0.35,1.535
731,WINS,A03.stl,丙烯酸塑料,+z,1471,2.25,0.0,1.635
732,WINS,A03.stl,丙烯酸塑料,+z,1059,2.3499999999999996,0.0,1.635
733,WINS,A03.stl,丙烯酸塑料,+z,1000,2.3499999999999996,-0.6499999999999999,1.335
734,WINS,A03.stl,丙烯酸塑料,+z,1000,2.3499999999999996,0.6499999999999999,1.335
735,WINS,A03.stl,丙烯酸塑料,+z,1235,2.333333333333333,-0.55,1.4349999999999998
736,WINS,A03.stl,丙烯酸塑料,+z,1118,2.4,-0.55,1.4349999999999998
737,WINS,A03.stl,丙烯酸塑料,+z,882,2.466666666666667,-0.55,1.4349999999999998
738,WINS,A03.stl,丙烯酸塑料,+z,1471,2.333333333333333,0.55,1.4349999999999998
739,WINS,A03.stl,丙烯酸塑料,+z,1353,2.4,0.55,1.4349999999999998
740,WINS,A03.stl,丙烯酸塑料,+z,1059,2.466666666666667,0.55,1.4349999999999998
741,WINS,A03.stl,丙烯酸塑料,+z,1471,2.333333333333333,-0.45,1.535
742,WINS,A03.stl,丙烯酸塑料,+z,1353,2.4,-0.45,1.535
743,WINS,A03.stl,丙烯酸塑料,+z,1059,2.466666666666667,-0.45,1.535
744,WINS,A03.stl,丙烯酸塑料,+z,1471,2.333333333333333,0.45,1.535
745,WINS,A03.stl,丙烯酸塑料,+z,1353,2.4,0.45,1.535
746,WINS,A03.stl,丙烯酸塑料,+z,1000,2.466666666666667,0.45,1.535
747,WINS,A03.stl,丙烯酸塑料,+z,529,2.45,-0.8500000000000001,1.135
748,WINS,A03.stl,丙烯酸塑料,+z,529,2.45,0.8500000000000001,1.135
749,WINS,A03.stl,丙烯酸塑料,+z,529,2.45,-0.35,1.635
750,WINS,A03.stl,丙烯酸塑料,+z,1059,2.45,0.35,1.635
751,WINS,A03.stl,丙烯酸塑料,+z,1294,2.4333333333333336,-0.6499999999999999,1.4349999999999998
752,WINS,A03.stl,丙烯酸塑料,+z,1118,2.5,-0.6499999999999999,1.4349999999999998
753,WINS,A03.stl,丙烯酸塑料,+z,941,2.5666666666666664,-0.6499999999999999,1.4349999999999998
754,WINS,A03.stl,丙烯酸塑料,+z,1412,2.4333333333333336,0.6499999999999999,1.4349999999999998
755,WINS,A03.stl,丙烯酸塑料,+z,1235,2.5,0.6499999999999999,1.4349999999999998
756,WINS,A03.stl,丙烯酸塑料,+z,529,2.5666666666666664,0.6499999999999999,1.4349999999999998
757,WINS,A03.stl,丙烯酸塑料,+z,529,2.55,-0.8500000000000001,1.2349999999999999
758,WINS,A03.stl,丙烯酸塑料,+z,1000,2.55,0.8500000000000001,1.2349999999999999
759,WINS,A03.stl,丙烯酸塑料,+z,882,2.55,-0.55,1.535
760,WINS,A03.stl,丙烯酸塑料,+z,1059,2.55,0.55,1.535
761,WINS,A03.stl,丙烯酸塑料,+z,1059,2.55,-0.45,1.635
762,WINS,A03.stl,丙烯酸塑料,+z,1059,2.55,0.45,1.635
763,WINS,A03.stl,丙烯酸塑料,+z,1471,2.55,-0.25,1.835
764,WINS,A03.stl,丙烯酸塑料,+z,1471,2.55,0.25,1.835
765,WINS,A03.stl,丙烯酸塑料,+z,1118,2.6500000000000004,-0.95,1.135
766,WINS,A03.stl,丙烯酸塑料,+z,1353,2.6500000000000004,0.95,1.135
767,WINS,A03.stl,丙烯酸塑料,+z,588,2.6500000000000004,-0.6499999999999999,1.535
768,WINS,A03.stl,丙烯酸塑料,+z,647,2.6500000000000004,0.6499999999999999,1.535
769,WINS,A03.stl,丙烯酸塑料,+z,941,2.6500000000000004,-0.55,1.635
770,WINS,A03.stl,丙烯酸塑料,+z,1353,2.6500000000000004,0.55,1.635
771,WINS,A03.stl,丙烯酸塑料,+z,1471,2.6500000000000004,-0.45,1.7349999999999999
772,WINS,A03.stl,丙烯酸塑料,+z,1471,2.6500000000000004,0.45,1.7349999999999999
773,WINS,A03.stl,丙烯酸塑料,+z,1235,2.6500000000000004,-0.8500000000000001,1.335
774,WINS,A03.stl,丙烯酸塑料,+z,882,2.75,-0.8500000000000001,1.335
775,WINS,A03.stl,丙烯酸塑料,+z,1353,2.6500000000000004,0.8500000000000001,1.335
776,WINS,A03.stl,丙烯酸塑料,+z,1000,2.75,0.8500000000000001,1.335
777,WINS,A03.stl,丙烯酸塑料,+z,706,2.6500000000000004,-0.75,1.4349999999999998
778,WINS,A03.stl,丙烯酸塑料,+z,529,2.75,-0.75,1.4349999999999998
779,WINS,A03.stl,丙烯酸塑料,+z,1471,2.6500000000000004,0.75,1.4349999999999998
780,WINS,A03.stl,丙烯酸塑料,+z,1059,2.75,0.75,1.4349999999999998
781,WINS,A03.stl,丙烯酸塑料,+z,706,2.75,-0.55,1.7349999999999999
782,WINS,A03.stl,丙烯酸塑料,+z,1471,2.75,0.55,1.7349999999999999
783,WINS,A03.stl,丙烯酸塑料,+z,1118,2.75,-0.95,1.2349999999999999
784,WINS,A03.stl,丙烯酸塑料,+z,882,2.8499999999999996,-0.95,1.2349999999999999
785,WINS,A03.stl,丙烯酸塑料,+z,1471,2.75,0.95,1.2349999999999999
786,WINS,A03.stl,丙烯酸塑料,+z,1059,2.8499999999999996,0.95,1.2349999999999999
787,WINS,A03.stl,丙烯酸塑料,+z,1235,2.833333333333333,-0.8500000000000001,1.4349999999999998
788,WINS,A03.stl,丙烯酸塑料,+z,1118,2.9,-0.8500000000000001,1.4349999999999998
789,WINS,A03.stl,丙烯酸塑料,+z,941,2.966666666666667,-0.8500000000000001,1.4349999999999998
790,WINS,A03.stl,丙烯酸塑料,+z,1353,2.833333333333333,0.8500000000000001,1.4349999999999998
791,WINS,A03.stl,丙烯酸塑料,+z,1235,2.9,0.8500000000000001,1.4349999999999998
792,WINS,A03.stl,丙烯酸塑料,+z,1000,2.966666666666667,0.8500000000000001,1.4349999999999998
793,WINS,A03.stl,丙烯酸塑料,+z,706,2.833333333333333,-0.75,1.535
794,WINS,A03.stl,丙烯酸塑料,+z,647,2.9,-0.75,1.535
795,WINS,A03.stl,丙烯酸塑料,+z,529,2.966666666666667,-0.75,1.535
796,WINS,A03.stl,丙烯酸塑料,+z,1471,2.833333333333333,0.75,1.535
797,WINS,A03.stl,丙烯酸塑料,+z,1353,2.9,0.75,1.535
798,WINS,A03.stl,丙烯酸塑料,+z,1059,2.966666666666667,0.75,1.535
799,WINS,A03.stl,丙烯酸塑料,+z,941,2.95,-1.05,1.135
800,WINS,A03.stl,丙烯酸塑料,+z,1059,2.95,1.05,1.135
801,WINS,A03.stl,丙烯酸塑料,+z,1118,2.9333333333333336,-0.95,1.335
802,WINS,A03.stl,丙烯酸塑料,+z,1235,3.0,-0.95,1.335
803,WINS,A03.stl,丙烯酸塑料,+z,1059,3.0666666666666664,-0.95,1.335
804,WINS,A03.stl,丙烯酸塑料,+z,1471,2.966666666666667,0.95,1.335
805,WINS,A03.stl,丙烯酸塑料,+z,1235,3.0666666666666664,0.95,1.335
806,WINS,A03.stl,丙烯酸塑料,+z,1235,3.033333333333333,-1.05,1.2349999999999999
807,WINS,A03.stl,丙烯酸塑料,+z,1177,3.1,-1.05,1.2349999999999999
808,WINS,A03.stl,丙烯酸塑料,+z,1059,3.166666666666667,-1.05,1.2349999999999999
809,WINS,A03.stl,丙烯酸塑料,+z,1471,3.0666666666666664,1.05,1.2349999999999999
810,WINS,A03.stl,丙烯酸塑料,+z,1235,3.166666666666667,1.05,1.2349999999999999
811,WINS,A03.stl,丙烯酸塑料,+z,706,3.0666666666666664,-0.75,1.635
812,WINS,A03.stl,丙烯酸塑料,+z,353,3.166666666666667,-0.75,1.635
813,WINS,A03.stl,丙烯酸塑料,+z,1471,3.0666666666666664,0.75,1.635
814,WINS,A03.stl,丙烯酸塑料,+z,706,3.166666666666667,0.75,1.635
815,WINS,A03.stl,丙烯酸塑料,+z,1235,3.05,-0.8500000000000001,1.535
816,WINS,A03.stl,丙烯酸塑料,+z,706,3.15,-0.8500000000000001,1.535
817,WINS,A03.stl,丙烯酸塑料,+z,529,3.25,-0.8500000000000001,1.535
818,WINS,A03.stl,丙烯酸塑料,+z,1353,3.05,0.8500000000000001,1.535
819,WINS,A03.stl,丙烯酸塑料,+z,1294,3.15,0.8500000000000001,1.535
820,WINS,A03.stl,丙烯酸塑料,+z,1000,3.25,0.8500000000000001,1.535
821,WINS,A03.stl,丙烯酸塑料,+z,1235,3.1500000000000004,-0.95,1.4349999999999998
822,WINS,A03.stl,丙烯酸塑料,+z,1118,3.25,-0.95,1.4349999999999998
823,WINS,A03.stl,丙烯酸塑料,+z,941,3.3499999999999996,-0.95,1.4349999999999998
824,WINS,A03.stl,丙烯酸塑料,+z,1471,3.2,0.95,1.4349999999999998
825,WINS,A03.stl,丙烯酸塑料,+z,1059,3.3499999999999996,0.95,1.4349999999999998
826,WINS,A03.stl,丙烯酸塑料,+z,941,3.25,-1.15,1.135
827,WINS,A03.stl,丙烯酸塑料,+z,1000,3.25,1.15,1.135
828,WINS,A03.stl,丙烯酸塑料,+z,1235,3.25,-1.05,1.335
829,WINS,A03.stl,丙烯酸塑料,+z,1118,3.3500000000000005,-1.05,1.335
830,WINS,A03.stl,丙烯酸塑料,+z,1235,3.45,-1.05,1.335
831,WINS,A03.stl,丙烯酸塑料,+z,1177,3.55,-1.05,1.335
832,WINS,A03.stl,丙烯酸塑料,+z,1471,3.35,1.05,1.335
833,WINS,A03.stl,丙烯酸塑料,+z,1353,3.55,1.05,1.335
834,WINS,A03.stl,丙烯酸塑料,+z,706,3.4124999999999996,-0.8500000000000001,1.635
835,WINS,A03.stl,丙烯酸塑料,+z,647,3.5625,-0.8500000000000001,1.635
836,WINS,A03.stl,丙烯酸塑料,+z,1353,3.4124999999999996,0.8500000000000001,1.635
837,WINS,A03.stl,丙烯酸塑料,+z,647,3.5625,0.8500000000000001,1.635
838,WINS,A03.stl,丙烯酸塑料,+z,1235,3.42,-1.15,1.2349999999999999
839,WINS,A03.stl,丙烯酸塑料,+z,1118,3.58,-1.15,1.2349999999999999
840,WINS,A03.stl,丙烯酸塑料,+z,1059,3.66,-1.15,1.2349999999999999
841,WINS,A03.stl,丙烯酸塑料,+z,1353,3.42,1.15,1.2349999999999999
842,WINS,A03.stl,丙烯酸塑料,+z,1294,3.58,1.15,1.2349999999999999
843,WINS,A03.stl,丙烯酸塑料,+z,1118,3.66,1.15,1.2349999999999999
844,WINS,A03.stl,丙烯酸塑料,+z,1235,3.45,-0.95,1.535
845,WINS,A03.stl,丙烯酸塑料,+z,1118,3.55,-0.95,1.535
846,WINS,A03.stl,丙烯酸塑料,+z,706,3.6499999999999995,-0.95,1.535
847,WINS,A03.stl,丙烯酸塑料,+z,529,3.75,-0.95,1.535
848,WINS,A03.stl,丙烯酸塑料,+z,1471,3.55,0.95,1.535
849,WINS,A03.stl,丙烯酸塑料,+z,1059,3.75,0.95,1.535
850,WINS,A03.stl,丙烯酸塑料,+z,706,3.6500000000000004,-0.8500000000000001,1.7349999999999999
851,WINS,A03.stl,丙烯酸塑料,+z,706,3.6500000000000004,0.8500000000000001,1.7349999999999999
852,WINS,A03.stl,丙烯酸塑料,+z,1235,3.6500000000000004,-1.05,1.4349999999999998
853,WINS,A03.stl,丙烯酸塑料,+z,1118,3.75,-1.05,1.4349999999999998
854,WINS,A03.stl,丙烯酸塑料,+z,1235,3.8499999999999996,-1.05,1.4349999999999998
855,WINS,A03.stl,丙烯酸塑料,+z,941,3.95,-1.05,1.4349999999999998
856,WINS,A03.stl,丙烯酸塑料,+z,1471,3.75,1.05,1.4349999999999998
857,WINS,A03.stl,丙烯酸塑料,+z,1059,3.95,1.05,1.4349999999999998
858,WINS,A03.stl,丙烯酸塑料,+z,1235,3.75,-1.25,1.135
859,WINS,A03.stl,丙烯酸塑料,+z,1177,3.8499999999999996,-1.25,1.135
860,WINS,A03.stl,丙烯酸塑料,+z,1471,3.75,1.25,1.135
861,WINS,A03.stl,丙烯酸塑料,+z,1353,3.8499999999999996,1.25,1.135
862,WINS,A03.stl,丙烯酸塑料,+z,1235,3.8000000000000003,-1.15,1.335
863,WINS,A03.stl,丙烯酸塑料,+z,1118,3.95,-1.15,1.335
864,WINS,A03.stl,丙烯酸塑料,+z,1235,4.050000000000001,-1.15,1.335
865,WINS,A03.stl,丙烯酸塑料,+z,647,4.15,-1.15,1.335
866,WINS,A03.stl,丙烯酸塑料,+z,1353,3.8000000000000003,1.15,1.335
867,WINS,A03.stl,丙烯酸塑料,+z,1294,3.95,1.15,1.335
868,WINS,A03.stl,丙烯酸塑料,+z,1353,4.050000000000001,1.15,1.335
869,WINS,A03.stl,丙烯酸塑料,+z,1235,4.15,1.15,1.335
870,WINS,A03.stl,丙烯酸塑料,+z,706,3.9499999999999997,-0.95,1.635
871,WINS,A03.stl,丙烯酸塑料,+z,1471,3.9499999999999997,0.95,1.635
872,WINS,A03.stl,丙烯酸塑料,+z,1235,4.0125,-1.25,1.2349999999999999
873,WINS,A03.stl,丙烯酸塑料,+z,941,4.1625,-1.25,1.2349999999999999
874,WINS,A03.stl,丙烯酸塑料,+z,1471,4.05,1.25,1.2349999999999999
875,WINS,A03.stl,丙烯酸塑料,+z,706,4.1,-1.05,1.535
876,WINS,A03.stl,丙烯酸塑料,+z,1471,4.1,1.05,1.535
877,WINS,A03.stl,丙烯酸塑料,+z,706,4.25,-1.15,1.4349999999999998
878,WINS,A03.stl,丙烯酸塑料,+z,706,4.25,1.15,1.4349999999999998
879,WINS,A03.stl,丙烯酸塑料,+x,294,1.7349999999999999,-0.05000000000000002,1.15
880,WINS,A03.stl,丙烯酸塑料,+x,235,1.7349999999999999,0.24999999999999997,1.15
881,WINS,A03.stl,丙烯酸塑料,+x,294,1.835,-0.35,1.15
882,WINS,A03.stl,丙烯酸塑料,+x,294,1.835,0.35,1.15
883,WINS,A03.stl,丙烯酸塑料,+x,353,1.9349999999999998,-0.45,1.15
884,WINS,A03.stl,丙烯酸塑料,+x,294,1.9349999999999998,0.45,1.15
885,WINS,A03.stl,丙烯酸塑料,+x,235,1.9349999999999998,-0.35000000000000003,1.25
886,WINS,A03.stl,丙烯酸塑料,+x,176,1.9349999999999998,-0.25,1.25
887,WINS,A03.stl,丙烯酸塑料,+x,294,1.9349999999999998,2.7755575615628914e-17,1.25
888,WINS,A03.stl,丙烯酸塑料,+x,176,1.9349999999999998,0.25000000000000006,1.25
889,WINS,A03.stl,丙烯酸塑料,+x,294,1.9349999999999998,0.35000000000000003,1.25
890,WINS,A03.stl,丙烯酸塑料,+x,294,2.035,-0.55,1.15
891,WINS,A03.stl,丙烯酸塑料,+x,353,2.035,0.55,1.15
892,WINS,A03.stl,丙烯酸塑料,+x,294,2.035,0.0,1.35
893,WINS,A03.stl,丙烯酸塑料,+x,353,2.1350000000000002,-0.45,1.25
894,WINS,A03.stl,丙烯酸塑料,+x,294,2.1350000000000002,0.45,1.25
895,WINS,A03.stl,丙烯酸塑料,+x,176,2.1350000000000002,-0.35,1.35
896,WINS,A03.stl,丙烯酸塑料,+x,294,2.1350000000000002,0.35,1.35
897,WINS,A03.stl,丙烯酸塑料,+x,353,2.1350000000000002,0.0,1.45
898,WINS,A03.stl,丙烯酸塑料,+x,235,2.2350000000000003,-0.6499999999999999,1.15
899,WINS,A03.stl,丙烯酸塑料,+x,294,2.2350000000000003,0.6499999999999999,1.15
900,WINS,A03.stl,丙烯酸塑料,+x,235,2.2350000000000003,-0.55,1.25
901,WINS,A03.stl,丙烯酸塑料,+x,294,2.2350000000000003,0.55,1.25
902,WINS,A03.stl,丙烯酸塑料,+x,294,2.2350000000000003,-0.45,1.35
903,WINS,A03.stl,丙烯酸塑料,+x,294,2.2350000000000003,0.45,1.35
904,WINS,A03.stl,丙烯酸塑料,+x,176,2.2350000000000003,-0.35,1.45
905,WINS,A03.stl,丙烯酸塑料,+x,294,2.2350000000000003,0.35,1.45
906,WINS,A03.stl,丙烯酸塑料,+x,235,2.2350000000000003,-0.15000000000000002,1.55
907,WINS,A03.stl,丙烯酸塑料,+x,294,2.2350000000000003,0.05,1.55
908,WINS,A03.stl,丙烯酸塑料,+x,118,2.335,-0.75,1.15
909,WINS,A03.stl,丙烯酸塑料,+x,176,2.335,0.75,1.15
910,WINS,A03.stl,丙烯酸塑料,+x,294,2.335,-0.6499999999999999,1.25
911,WINS,A03.stl,丙烯酸塑料,+x,294,2.335,0.6499999999999999,1.25
912,WINS,A03.stl,丙烯酸塑料,+x,294,2.335,-0.55,1.35
913,WINS,A03.stl,丙烯酸塑料,+x,353,2.335,0.55,1.35
914,WINS,A03.stl,丙烯酸塑料,+x,353,2.335,-0.45,1.45
915,WINS,A03.stl,丙烯酸塑料,+x,294,2.335,0.45,1.45
916,WINS,A03.stl,丙烯酸塑料,+x,294,2.435,-0.6499999999999999,1.35
917,WINS,A03.stl,丙烯酸塑料,+x,294,2.435,0.6499999999999999,1.35
918,WINS,A03.stl,丙烯酸塑料,+x,118,2.435,-0.35,1.55
919,WINS,A03.stl,丙烯酸塑料,+x,294,2.435,0.35,1.55
920,WINS,A03.stl,丙烯酸塑料,+x,176,2.435,0.0,1.65
921,WINS,A03.stl,丙烯酸塑料,+x,176,2.535,-0.8500000000000001,1.15
922,WINS,A03.stl,丙烯酸塑料,+x,294,2.535,0.8500000000000001,1.15
923,WINS,A03.stl,丙烯酸塑料,+x,235,2.535,-0.55,1.45
924,WINS,A03.stl,丙烯酸塑料,+x,294,2.535,0.55,1.45
925,WINS,A03.stl,丙烯酸塑料,+x,294,2.535,-0.45,1.55
926,WINS,A03.stl,丙烯酸塑料,+x,294,2.535,0.45,1.55
927,WINS,A03.stl,丙烯酸塑料,+x,176,2.535,-0.35,1.65
928,WINS,A03.stl,丙烯酸塑料,+x,176,2.535,0.35,1.65
929,WINS,A03.stl,丙烯酸塑料,+x,353,2.535,-0.25,1.75
930,WINS,A03.stl,丙烯酸塑料,+x,294,2.535,0.24999999999999997,1.75
931,WINS,A03.stl,丙烯酸塑料,+x,294,2.6350000000000002,-0.8500000000000001,1.25
932,WINS,A03.stl,丙烯酸塑料,+x,294,2.6350000000000002,0.8500000000000001,1.25
933,WINS,A03.stl,丙烯酸塑料,+x,294,2.6350000000000002,-0.6499999999999999,1.45
934,WINS,A03.stl,丙烯酸塑料,+x,235,2.6350000000000002,0.6499999999999999,1.45
935,WINS,A03.stl,丙烯酸塑料,+x,294,2.6350000000000002,-0.55,1.55
936,WINS,A03.stl,丙烯酸塑料,+x,353,2.6350000000000002,0.55,1.55
937,WINS,A03.stl,丙烯酸塑料,+x,353,2.6350000000000002,-0.45,1.65
938,WINS,A03.stl,丙烯酸塑料,+x,294,2.6350000000000002,0.45,1.65
939,WINS,A03.stl,丙烯酸塑料,+x,235,2.7350000000000003,-0.95,1.15
940,WINS,A03.stl,丙烯酸塑料,+x,294,2.7350000000000003,0.95,1.15
941,WINS,A03.stl,丙烯酸塑料,+x,176,2.7350000000000003,-0.55,1.65
942,WINS,A03.stl,丙烯酸塑料,+x,294,2.7350000000000003,0.55,1.65
943,WINS,A03.stl,丙烯酸塑料,+x,294,2.835,-0.8500000000000001,1.35
944,WINS,A03.stl,丙烯酸塑料,+x,294,2.835,0.8500000000000001,1.35
945,WINS,A03.stl,丙烯酸塑料,+x,176,2.835,-0.75,1.45
946,WINS,A03.stl,丙烯酸塑料,+x,353,2.835,0.75,1.45
947,WINS,A03.stl,丙烯酸塑料,+x,294,2.935,-0.95,1.25
948,WINS,A03.stl,丙烯酸塑料,+x,294,2.935,0.95,1.25
949,WINS,A03.stl,丙烯酸塑料,+x,294,3.035,-1.05,1.15
950,WINS,A03.stl,丙烯酸塑料,+x,353,3.035,1.05,1.15
951,WINS,A03.stl,丙烯酸塑料,+x,294,3.035,-0.8500000000000001,1.45
952,WINS,A03.stl,丙烯酸塑料,+x,294,3.035,0.8500000000000001,1.45
953,WINS,A03.stl,丙烯酸塑料,+x,176,3.035,-0.75,1.55
954,WINS,A03.stl,丙烯酸塑料,+x,353,3.035,0.75,1.55
955,WINS,A03.stl,丙烯酸塑料,+x,294,3.1350000000000002,-0.95,1.35
956,WINS,A03.stl,丙烯酸塑料,+x,294,3.1350000000000002,0.95,1.35
957,WINS,A03.stl,丙烯酸塑料,+x,294,3.2350000000000003,-1.05,1.25
958,WINS,A03.stl,丙烯酸塑料,+x,294,3.2350000000000003,1.05,1.25
959,WINS,A03.stl,丙烯酸塑料,+x,294,3.335,-1.15,1.15
960,WINS,A03.stl,丙烯酸塑料,+x,294,3.335,1.15,1.15
961,WINS,A03.stl,丙烯酸塑料,+x,176,3.335,-0.8500000000000001,1.55
962,WINS,A03.stl,丙烯酸塑料,+x,294,3.335,0.8500000000000001,1.55
963,WINS,A03.stl,丙烯酸塑料,+x,294,3.435,-0.95,1.45
964,WINS,A03.stl,丙烯酸塑料,+x,294,3.435,0.95,1.45
965,WINS,A03.stl,丙烯酸塑料,+x,294,3.6350000000000002,-1.05,1.35
966,WINS,A03.stl,丙烯酸塑料,+x,294,3.6350000000000002,1.05,1.35
967,WINS,A03.stl,丙烯酸塑料,+x,176,3.6350000000000002,-0.8500000000000001,1.65
968,WINS,A03.stl,丙烯酸塑料,+x,176,3.6350000000000002,0.8500000000000001,1.65
969,WINS,A03.stl,丙烯酸塑料,+x,294,3.7350000000000003,-1.15,1.25
970,WINS,A03.stl,丙烯酸塑料,+x,294,3.7350000000000003,1.15,1.25
971,WINS,A03.stl,丙烯酸塑料,+x,176,3.835,-0.95,1.55
972,WINS,A03.stl,丙烯酸塑料,+x,294,3.835,0.95,1.55
973,WINS,A03.stl,丙烯酸塑料,+x,294,3.935,-1.25,1.15
974,WINS,A03.stl,丙烯酸塑料,+x,294,3.935,1.25,1.15
975,WINS,A03.stl,丙烯酸塑料,+x,235,4.035,-1.05,1.45
976,WINS,A03.stl,丙烯酸塑料,+x,353,4.035,1.05,1.45
977,WINS,A03.stl,丙烯酸塑料,+x,176,4.235,-1.15,1.35
978,WINS,A03.stl,丙烯酸塑料,+x,294,4.235,1.15,1.35
979,AL7075,C01.stl,铝合金7075,+z,824,2.1500000000000004,-0.55,0.135
980,AL7075,C01.stl,铝合金7075,+z,1000,2.1500000000000004,-0.45,0.135
981,AL7075,C01.stl,铝合金7075,+z,294,2.25,-0.65,0.135
982,AL7075,C01.stl,铝合金7075,+z,529,2.55,-0.75,0.135
983,AL7075,C01.stl,铝合金7075,+z,647,2.6500000000000004,-0.75,0.135
984,AL7075,C01.stl,铝合金7075,+z,294,2.75,-0.75,0.135
985,AL7075,C01.stl,铝合金7075,+z,647,3.0,-0.8500000000000001,0.135
986,AL7075,C01.stl,铝合金7075,+z,588,3.15,-0.8500000000000001,0.135
987,AL7075,C01.stl,铝合金7075,+z,294,3.25,-0.95,0.135
988,AL7075,C01.stl,铝合金7075,+z,235,3.25,-0.8500000000000001,0.135
989,AL7075,C01.stl,铝合金7075,+z,294,3.3499999999999996,-0.95,0.135
990,AL7075,C01.stl,铝合金7075,+z,294,3.6499999999999995,-0.95,0.135
991,AL7075,C01.stl,铝合金7075,+z,824,2.1500000000000004,0.44999999999999996,0.135
992,AL7075,C01.stl,铝合金7075,+z,1000,2.1500000000000004,0.55,0.135
993,AL7075,C01.stl,铝合金7075,+z,294,2.25,0.6499999999999999,0.135
994,AL7075,C01.stl,铝合金7075,+z,1059,2.55,0.75,0.135
995,AL7075,C01.stl,铝合金7075,+z,1235,2.6500000000000004,0.75,0.135
996,AL7075,C01.stl,铝合金7075,+z,647,2.75,0.75,0.135
997,AL7075,C01.stl,铝合金7075,+z,647,3.0,0.8499999999999999,0.135
998,AL7075,C01.stl,铝合金7075,+z,294,3.15,0.8499999999999999,0.135
999,AL7075,C01.stl,铝合金7075,+z,294,3.25,0.95,0.135
1000,AL7075,C01.stl,铝合金7075,+z,588,3.3499999999999996,0.95,0.135
1001,AL7075,C01.stl,铝合金7075,+z,529,3.6499999999999995,0.95,0.135
1002,AL7075,C01.stl,铝合金7075,+z,882,3.3499999999999996,-1.05,0.135
1003,AL7075,C01.stl,铝合金7075,+z,647,3.45,-1.05,0.135
1004,AL7075,C01.stl,铝合金7075,+z,588,3.55,-1.05,0.135
1005,AL7075,C01.stl,铝合金7075,+z,824,3.65,-1.05,0.135
1006,AL7075,C01.stl,铝合金7075,+z,647,3.75,-1.05,0.135
1007,AL7075,C01.stl,铝合金7075,+z,1235,3.4,1.05,0.135
1008,AL7075,C01.stl,铝合金7075,+z,1177,3.6,1.05,0.135
1009,AL7075,C01.stl,铝合金7075,+z,1235,3.75,1.05,0.135
1010,AL7075,C01.stl,铝合金7075,+z,1059,3.4,-1.15,0.135
1011,AL7075,C01.stl,铝合金7075,+z,1118,3.6,-1.15,0.135
1012,AL7075,C01.stl,铝合金7075,+z,1177,3.75,-1.15,0.135
1013,AL7075,C01.stl,铝合金7075,+z,529,3.8499999999999996,-1.15,0.135
1014,AL7075,C01.stl,铝合金7075,+z,588,3.3499999999999996,1.15,0.135
1015,AL7075,C01.stl,铝合金7075,+z,1059,3.45,1.15,0.135
1016,AL7075,C01.stl,铝合金7075,+z,1177,3.55,1.15,0.135
1017,AL7075,C01.stl,铝合金7075,+z,1059,3.65,1.15,0.135
1018,AL7075,C01.stl,铝合金7075,+z,1177,3.75,1.15,0.135
1019,AL7075,C01.stl,铝合金7075,+z,941,3.8499999999999996,1.15,0.135
1020,AL7075,C01.stl,铝合金7075,+z,1118,3.45,-1.25,0.135
1021,AL7075,C01.stl,铝合金7075,+z,1177,3.55,-1.25,0.135
1022,AL7075,C01.stl,铝合金7075,+z,1000,3.65,-1.25,0.135
1023,AL7075,C01.stl,铝合金7075,+z,1177,3.75,-1.25,0.135
1024,AL7075,C01.stl,铝合金7075,+z,1059,3.8499999999999996,-1.25,0.135
1025,AL7075,C01.stl,铝合金7075,+z,1235,3.5,1.25,0.135
1026,AL7075,C01.stl,铝合金7075,+z,1059,3.65,1.25,0.135
1027,AL7075,C01.stl,铝合金7075,+z,1235,3.8,1.25,0.135
1028,AL7075,C01.stl,铝合金7075,+z,353,7.95,1.45,0.135
1029,AL7075,C01.stl,铝合金7075,+x,176,9.185,-0.30000000000000004,2.1
1030,AL7075,C01.stl,铝合金7075,+x,118,9.185,0.25,2.1
1031,AL7075,C01.stl,铝合金7075,+x,176,9.185,0.35000000000000003,2.1
1032,AL5052,C02.stl,铝合金5052,+z,353,9.581018499999999,-1.1,0.035000000000000434
1033,AL5052,C02.stl,铝合金5052,+z,1471,9.7569445,-1.1,0.035000000000000434
1034,CURT,U01.stl,尼龙织物_窗帘3mm,+z,1059,2.05,0.0,1.135
1035,CURT,U01.stl,尼龙织物_窗帘3mm,+z,1235,2.033333333333333,-0.15000000000000002,1.135
1036,CURT,U01.stl,尼龙织物_窗帘3mm,+z,471,2.1,-0.15000000000000002,1.135
1037,CURT,U01.stl,尼龙织物_窗帘3mm,+z,588,2.166666666666667,-0.15000000000000002,1.135
1038,CURT,U01.stl,尼龙织物_窗帘3mm,+z,1235,2.033333333333333,0.15000000000000002,1.135
1039,CURT,U01.stl,尼龙织物_窗帘3mm,+z,1000,2.1,0.15000000000000002,1.135
1040,CURT,U01.stl,尼龙织物_窗帘3mm,+z,1177,2.166666666666667,0.15000000000000002,1.135
1041,CURT,U01.stl,尼龙织物_窗帘3mm,+z,471,2.1500000000000004,-0.35,1.035
1042,CURT,U01.stl,尼龙织物_窗帘3mm,+z,1000,2.1500000000000004,0.35,1.035
1043,CURT,U01.stl,尼龙织物_窗帘3mm,+z,1059,2.1500000000000004,0.0,1.2349999999999999
1044,CURT,U01.stl,尼龙织物_窗帘3mm,+z,1235,2.25,-0.45,1.035
1045,CURT,U01.stl,尼龙织物_窗帘3mm,+z,1177,2.25,0.45,1.035
1046,CURT,U01.stl,尼龙织物_窗帘3mm,+z,471,2.25,-0.35,1.135
1047,CURT,U01.stl,尼龙织物_窗帘3mm,+z,941,2.25,0.35,1.135
1048,CURT,U01.stl,尼龙织物_窗帘3mm,+z,1000,2.25,-0.15000000000000002,1.2349999999999999
1049,CURT,U01.stl,尼龙织物_窗帘3mm,+z,1000,2.25,0.15000000000000002,1.2349999999999999
1050,CURT,U01.stl,尼龙织物_窗帘3mm,+z,1000,2.25,0.0,1.335
1051,CURT,U01.stl,尼龙织物_窗帘3mm,+z,824,2.3499999999999996,-0.55,1.035
1052,CURT,U01.stl,尼龙织物_窗帘3mm,+z,1000,2.3499999999999996,0.55,1.035
1053,CURT,U01.stl,尼龙织物_窗帘3mm,+z,1000,2.3499999999999996,-0.45,1.135
1054,CURT,U01.stl,尼龙织物_窗帘3mm,+z,824,2.3499999999999996,0.45,1.135
1055,CURT,U01.stl,尼龙织物_窗帘3mm,+z,588,2.3499999999999996,-0.35,1.2349999999999999
1056,CURT,U01.stl,尼龙织物_窗帘3mm,+z,824,2.3499999999999996,0.35,1.2349999999999999
1057,CURT,U01.stl,尼龙织物_窗帘3mm,+z,882,2.45,-0.55,1.135
1058,CURT,U01.stl,尼龙织物_窗帘3mm,+z,1000,2.45,0.55,1.135
1059,CURT,U01.stl,尼龙织物_窗帘3mm,+z,1000,2.45,-0.45,1.2349999999999999
1060,CURT,U01.stl,尼龙织物_窗帘3mm,+z,824,2.45,0.45,1.2349999999999999
1061,CURT,U01.stl,尼龙织物_窗帘3mm,+z,529,2.55,-0.6499999999999999,1.135
1062,CURT,U01.stl,尼龙织物_窗帘3mm,+z,294,2.55,0.6499999999999999,1.135
1063,CURT,U01.stl,尼龙织物_窗帘3mm,+z,824,2.55,-0.55,1.2349999999999999
1064,CURT,U01.stl,尼龙织物_窗帘3mm,+z,1059,2.55,0.55,1.2349999999999999
1065,CURT,U01.stl,尼龙织物_窗帘3mm,+z,1235,2.55,-0.45,1.335
1066,CURT,U01.stl,尼龙织物_窗帘3mm,+z,1118,2.55,0.45,1.335
1067,CURT,U01.stl,尼龙织物_窗帘3mm,+z,471,2.6500000000000004,-0.75,1.035
1068,CURT,U01.stl,尼龙织物_窗帘3mm,+z,1000,2.6500000000000004,0.75,1.035
1069,CURT,U01.stl,尼龙织物_窗帘3mm,+z,647,2.75,-0.75,1.135
1070,CURT,U01.stl,尼龙织物_窗帘3mm,+z,1235,2.75,0.75,1.135
1071,CURT,U01.stl,尼龙织物_窗帘3mm,+z,882,2.8499999999999996,-0.8500000000000001,1.035
1072,CURT,U01.stl,尼龙织物_窗帘3mm,+z,824,2.8499999999999996,0.8500000000000001,1.035
1073,CURT,U01.stl,尼龙织物_窗帘3mm,+z,471,2.8499999999999996,-0.75,1.2349999999999999
1074,CURT,U01.stl,尼龙织物_窗帘3mm,+z,1000,2.8499999999999996,0.75,1.2349999999999999
1075,CURT,U01.stl,尼龙织物_窗帘3mm,+z,1177,2.95,-0.8500000000000001,1.135
1076,CURT,U01.stl,尼龙织物_窗帘3mm,+z,1177,2.95,0.8500000000000001,1.135
1077,CURT,U01.stl,尼龙织物_窗帘3mm,+z,529,2.9333333333333336,-0.75,1.335
1078,CURT,U01.stl,尼龙织物_窗帘3mm,+z,647,3.033333333333333,-0.75,1.335
1079,CURT,U01.stl,尼龙织物_窗帘3mm,+z,1059,2.9333333333333336,0.75,1.335
1080,CURT,U01.stl,尼龙织物_窗帘3mm,+z,1235,3.033333333333333,0.75,1.335
1081,CURT,U01.stl,尼龙织物_窗帘3mm,+z,1177,3.033333333333333,-0.8500000000000001,1.2349999999999999
1082,CURT,U01.stl,尼龙织物_窗帘3mm,+z,647,3.1,-0.8500000000000001,1.2349999999999999
1083,CURT,U01.stl,尼龙织物_窗帘3mm,+z,471,3.166666666666667,-0.8500000000000001,1.2349999999999999
1084,CURT,U01.stl,尼龙织物_窗帘3mm,+z,1059,3.033333333333333,0.8500000000000001,1.2349999999999999
1085,CURT,U01.stl,尼龙织物_窗帘3mm,+z,1000,3.1,0.8500000000000001,1.2349999999999999
1086,CURT,U01.stl,尼龙织物_窗帘3mm,+z,882,3.166666666666667,0.8500000000000001,1.2349999999999999
1087,CURT,U01.stl,尼龙织物_窗帘3mm,+z,1000,3.1500000000000004,-0.95,1.135
1088,CURT,U01.stl,尼龙织物_窗帘3mm,+z,882,3.25,-0.95,1.135
1089,CURT,U01.stl,尼龙织物_窗帘3mm,+z,1059,3.1500000000000004,0.95,1.135
1090,CURT,U01.stl,尼龙织物_窗帘3mm,+z,882,3.25,0.95,1.135
1091,CURT,U01.stl,尼龙织物_窗帘3mm,+z,588,3.25,-0.8500000000000001,1.335
1092,CURT,U01.stl,尼龙织物_窗帘3mm,+z,1059,3.25,0.8500000000000001,1.335
1093,CURT,U01.stl,尼龙织物_窗帘3mm,+z,1000,3.333333333333333,-0.95,1.2349999999999999
1094,CURT,U01.stl,尼龙织物_窗帘3mm,+z,1177,3.4,-0.95,1.2349999999999999
1095,CURT,U01.stl,尼龙织物_窗帘3mm,+z,1059,3.466666666666667,-0.95,1.2349999999999999
1096,CURT,U01.stl,尼龙织物_窗帘3mm,+z,941,3.333333333333333,0.95,1.2349999999999999
1097,CURT,U01.stl,尼龙织物_窗帘3mm,+z,1177,3.4333333333333336,0.95,1.2349999999999999
1098,CURT,U01.stl,尼龙织物_窗帘3mm,+z,647,3.4,-0.8500000000000001,1.4349999999999998
1099,CURT,U01.stl,尼龙织物_窗帘3mm,+z,1059,3.333333333333333,0.8500000000000001,1.4349999999999998
1100,CURT,U01.stl,尼龙织物_窗帘3mm,+z,1177,3.4333333333333336,0.8500000000000001,1.4349999999999998
1101,CURT,U01.stl,尼龙织物_窗帘3mm,+z,1118,3.45,-1.05,1.035
1102,CURT,U01.stl,尼龙织物_窗帘3mm,+z,1235,3.45,1.05,1.035
1103,CURT,U01.stl,尼龙织物_窗帘3mm,+z,824,3.533333333333333,-1.05,1.135
1104,CURT,U01.stl,尼龙织物_窗帘3mm,+z,1000,3.6,-1.05,1.135
1105,CURT,U01.stl,尼龙织物_窗帘3mm,+z,1059,3.666666666666667,-1.05,1.135
1106,CURT,U01.stl,尼龙织物_窗帘3mm,+z,882,3.533333333333333,1.05,1.135
1107,CURT,U01.stl,尼龙织物_窗帘3mm,+z,1177,3.6,1.05,1.135
1108,CURT,U01.stl,尼龙织物_窗帘3mm,+z,1235,3.666666666666667,1.05,1.135
1109,CURT,U01.stl,尼龙织物_窗帘3mm,+z,1000,3.533333333333333,-0.95,1.335
1110,CURT,U01.stl,尼龙织物_窗帘3mm,+z,647,3.6,-0.95,1.335
1111,CURT,U01.stl,尼龙织物_窗帘3mm,+z,529,3.666666666666667,-0.95,1.335
1112,CURT,U01.stl,尼龙织物_窗帘3mm,+z,1177,3.533333333333333,0.95,1.335
1113,CURT,U01.stl,尼龙织物_窗帘3mm,+z,1059,3.6,0.95,1.335
1114,CURT,U01.stl,尼龙织物_窗帘3mm,+z,1000,3.666666666666667,0.95,1.335
1115,CURT,U01.stl,尼龙织物_窗帘3mm,+z,706,3.533333333333333,-0.75,1.7349999999999999
1116,CURT,U01.stl,尼龙织物_窗帘3mm,+z,1471,3.533333333333333,0.75,1.7349999999999999
1117,CURT,U01.stl,尼龙织物_窗帘3mm,+z,471,3.55,-0.8500000000000001,1.535
1118,CURT,U01.stl,尼龙织物_窗帘3mm,+z,412,3.55,0.8500000000000001,1.535
1119,CURT,U01.stl,尼龙织物_窗帘3mm,+z,1177,3.75,-1.05,1.2349999999999999
1120,CURT,U01.stl,尼龙织物_窗帘3mm,+z,1059,3.8499999999999996,-1.05,1.2349999999999999
1121,CURT,U01.stl,尼龙织物_窗帘3mm,+z,588,3.95,-1.05,1.2349999999999999
1122,CURT,U01.stl,尼龙织物_窗帘3mm,+z,647,4.05,-1.05,1.2349999999999999
1123,CURT,U01.stl,尼龙织物_窗帘3mm,+z,1235,3.75,1.05,1.2349999999999999
1124,CURT,U01.stl,尼龙织物_窗帘3mm,+z,1177,3.9,1.05,1.2349999999999999
1125,CURT,U01.stl,尼龙织物_窗帘3mm,+z,1235,4.05,1.05,1.2349999999999999
1126,CURT,U01.stl,尼龙织物_窗帘3mm,+z,529,3.75,-0.95,1.4349999999999998
1127,CURT,U01.stl,尼龙织物_窗帘3mm,+z,647,3.9,-0.95,1.4349999999999998
1128,CURT,U01.stl,尼龙织物_窗帘3mm,+z,941,3.75,0.95,1.4349999999999998
1129,CURT,U01.stl,尼龙织物_窗帘3mm,+z,1177,3.8499999999999996,0.95,1.4349999999999998
1130,CURT,U01.stl,尼龙织物_窗帘3mm,+z,1059,3.95,0.95,1.4349999999999998
1131,CURT,U01.stl,尼龙织物_窗帘3mm,+z,1000,3.8499999999999996,-1.15,1.035
1132,CURT,U01.stl,尼龙织物_窗帘3mm,+z,1177,3.9499999999999997,-1.15,1.035
1133,CURT,U01.stl,尼龙织物_窗帘3mm,+z,882,4.05,-1.15,1.035
1134,CURT,U01.stl,尼龙织物_窗帘3mm,+z,941,3.8499999999999996,1.15,1.035
1135,CURT,U01.stl,尼龙织物_窗帘3mm,+z,1177,3.9499999999999997,1.15,1.035
1136,CURT,U01.stl,尼龙织物_窗帘3mm,+z,1118,4.05,1.15,1.035
1137,CURT,U01.stl,尼龙织物_窗帘3mm,+x,294,2.035,0.0,1.05
1138,CURT,U01.stl,尼龙织物_窗帘3mm,+x,235,2.1350000000000002,0.0,1.15
1139,CURT,U01.stl,尼龙织物_窗帘3mm,+x,118,2.2350000000000003,-0.35,1.05
1140,CURT,U01.stl,尼龙织物_窗帘3mm,+x,235,2.2350000000000003,0.35,1.05
1141,CURT,U01.stl,尼龙织物_窗帘3mm,+x,118,2.2350000000000003,-0.15000000000000002,1.15
1142,CURT,U01.stl,尼龙织物_窗帘3mm,+x,235,2.2350000000000003,0.15000000000000002,1.15
1143,CURT,U01.stl,尼龙织物_窗帘3mm,+x,353,2.2350000000000003,0.0,1.25
1144,CURT,U01.stl,尼龙织物_窗帘3mm,+x,235,2.335,-0.45,1.05
1145,CURT,U01.stl,尼龙织物_窗帘3mm,+x,235,2.335,0.45,1.05
1146,CURT,U01.stl,尼龙织物_窗帘3mm,+x,118,2.335,-0.35,1.15
1147,CURT,U01.stl,尼龙织物_窗帘3mm,+x,235,2.335,0.35,1.15
1148,CURT,U01.stl,尼龙织物_窗帘3mm,+x,294,2.335,0.0,1.35
1149,CURT,U01.stl,尼龙织物_窗帘3mm,+x,176,2.435,-0.55,1.05
1150,CURT,U01.stl,尼龙织物_窗帘3mm,+x,235,2.435,0.55,1.05
1151,CURT,U01.stl,尼龙织物_窗帘3mm,+x,235,2.435,-0.45,1.15
1152,CURT,U01.stl,尼龙织物_窗帘3mm,+x,176,2.435,0.45,1.15
1153,CURT,U01.stl,尼龙织物_窗帘3mm,+x,235,2.535,-0.6499999999999999,1.05
1154,CURT,U01.stl,尼龙织物_窗帘3mm,+x,118,2.535,0.6499999999999999,1.05
1155,CURT,U01.stl,尼龙织物_窗帘3mm,+x,235,2.535,-0.55,1.15
1156,CURT,U01.stl,尼龙织物_窗帘3mm,+x,294,2.535,0.55,1.15
1157,CURT,U01.stl,尼龙织物_窗帘3mm,+x,294,2.535,-0.45,1.25
1158,CURT,U01.stl,尼龙织物_窗帘3mm,+x,235,2.535,0.45,1.25
1159,CURT,U01.stl,尼龙织物_窗帘3mm,+x,118,2.6350000000000002,-0.55,1.25
1160,CURT,U01.stl,尼龙织物_窗帘3mm,+x,235,2.6350000000000002,0.55,1.25
1161,CURT,U01.stl,尼龙织物_窗帘3mm,+x,118,2.7350000000000003,-0.75,1.05
1162,CURT,U01.stl,尼龙织物_窗帘3mm,+x,294,2.7350000000000003,0.75,1.05
1163,CURT,U01.stl,尼龙织物_窗帘3mm,+x,176,2.835,-0.75,1.15
1164,CURT,U01.stl,尼龙织物_窗帘3mm,+x,353,2.835,0.75,1.15
1165,CURT,U01.stl,尼龙织物_窗帘3mm,+x,235,2.935,-0.8500000000000001,1.05
1166,CURT,U01.stl,尼龙织物_窗帘3mm,+x,235,2.935,0.8500000000000001,1.05
1167,CURT,U01.stl,尼龙织物_窗帘3mm,+x,118,2.935,-0.75,1.25
1168,CURT,U01.stl,尼龙织物_窗帘3mm,+x,294,2.935,0.75,1.25
1169,CURT,U01.stl,尼龙织物_窗帘3mm,+x,294,3.035,-0.8500000000000001,1.15
1170,CURT,U01.stl,尼龙织物_窗帘3mm,+x,294,3.035,0.8500000000000001,1.15
1171,CURT,U01.stl,尼龙织物_窗帘3mm,+x,294,3.1350000000000002,-0.95,1.05
1172,CURT,U01.stl,尼龙织物_窗帘3mm,+x,294,3.1350000000000002,0.95,1.05
1173,CURT,U01.stl,尼龙织物_窗帘3mm,+x,118,3.2350000000000003,-0.8500000000000001,1.25
1174,CURT,U01.stl,尼龙织物_窗帘3mm,+x,235,3.2350000000000003,0.8500000000000001,1.25
1175,CURT,U01.stl,尼龙织物_窗帘3mm,+x,235,3.335,-0.95,1.15
1176,CURT,U01.stl,尼龙织物_窗帘3mm,+x,235,3.335,0.95,1.15
1177,CURT,U01.stl,尼龙织物_窗帘3mm,+x,176,3.335,-0.8500000000000001,1.35
1178,CURT,U01.stl,尼龙织物_窗帘3mm,+x,294,3.335,0.8500000000000001,1.35
1179,CURT,U01.stl,尼龙织物_窗帘3mm,+x,235,3.535,-1.05,1.05
1180,CURT,U01.stl,尼龙织物_窗帘3mm,+x,294,3.535,1.05,1.05
1181,CURT,U01.stl,尼龙织物_窗帘3mm,+x,294,3.535,-0.95,1.25
1182,CURT,U01.stl,尼龙织物_窗帘3mm,+x,294,3.535,0.95,1.25
1183,CURT,U01.stl,尼龙织物_窗帘3mm,+x,176,3.535,-0.8500000000000001,1.45
1184,CURT,U01.stl,尼龙织物_窗帘3mm,+x,294,3.535,0.8500000000000001,1.45
1185,CURT,U01.stl,尼龙织物_窗帘3mm,+x,294,3.7350000000000003,-1.05,1.15
1186,CURT,U01.stl,尼龙织物_窗帘3mm,+x,353,3.7350000000000003,1.05,1.15
1187,CURT,U01.stl,尼龙织物_窗帘3mm,+x,118,3.7350000000000003,-0.95,1.35
1188,CURT,U01.stl,尼龙织物_窗帘3mm,+x,235,3.7350000000000003,0.95,1.35
1189,CURT,U01.stl,尼龙织物_窗帘3mm,+x,118,4.135,-1.15,1.05
1190,CURT,U01.stl,尼龙织物_窗帘3mm,+x,235,4.135,1.15,1.05
1191,O2TANK,U03.stl,铝合金7075_氧气瓶,+x,176,3.585,-0.95,0.3
1192,O2TANK,U03.stl,铝合金7075_氧气瓶,+z,647,3.55,-0.95,0.33499999999999996
1193,O2TANK,U03.stl,铝合金7075_氧气瓶,+x,294,3.585,0.95,0.3
1194,O2TANK,U03.stl,铝合金7075_氧气瓶,+z,1177,3.55,0.95,0.33499999999999996
1195,SEAT,U06.stl,聚氨酯泡沫,+z,294,3.3499999999999996,-0.8500000000000001,0.43500000000000005
1196,SEAT,U06.stl,聚氨酯泡沫,+z,235,3.3499999999999996,-0.8500000000000001,0.535
1197,SEAT,U06.stl,聚氨酯泡沫,+x,118,3.335,-0.8500000000000001,0.45
1198,H1,H1.stl,导航子系统,+z,1471,0.6499999999999999,-0.04999999999999999,0.485
1199,H1,H1.stl,导航子系统,+x,176,0.8350000000000001,-0.04999999999999999,0.55
1200,H1,H1.stl,导航子系统,+z,1471,0.8,-0.04999999999999999,0.535
1201,H1,H1.stl,导航子系统,+x,412,0.985,-0.04999999999999999,0.55
1202,H1,H1.stl,导航子系统,+z,1471,0.95,-0.04999999999999999,0.5850000000000001
1203,H2,H2.stl,任务子系统,+z,1471,0.75,-0.45,0.035
1204,H2,H2.stl,任务子系统,+z,706,0.75,-0.35,0.035
1205,H2,H2.stl,任务子系统,+z,1471,0.75,0.30000000000000004,0.035
1206,H2,H2.stl,任务子系统,+z,1471,0.95,-0.45,0.035
1207,H2,H2.stl,任务子系统,+z,1118,0.95,-0.35,0.035
1208,H2,H2.stl,任务子系统,+z,706,0.95,-0.04999999999999996,0.035
1209,H2,H2.stl,任务子系统,+z,1471,0.95,0.30000000000000004,0.035
1210,H2,H2.stl,任务子系统,+x,118,1.035,-0.55,-0.2624999999999999
1211,H2,H2.stl,任务子系统,+x,176,1.035,-0.55,-0.11249999999999946
1212,H2,H2.stl,任务子系统,+z,706,1.0,-0.55,-0.11499999999999957
1213,H2,H2.stl,任务子系统,+z,1471,1.1,-0.45,0.08500000000000002
1214,H2,H2.stl,任务子系统,+z,706,1.1,-0.35,0.08500000000000002
1215,H2,H2.stl,任务子系统,+z,706,1.25,-0.45,0.08500000000000002
1216,H2,H2.stl,任务子系统,+z,353,1.25,-0.35,0.08500000000000002
1217,H2,H2.stl,任务子系统,+z,1471,1.1,0.35,0.08500000000000002
1218,H2,H2.stl,任务子系统,+z,706,1.25,0.35,0.08500000000000002
1219,H2,H2.stl,任务子系统,+z,1471,1.2000000000000002,0.0,0.235
1220,H2,H2.stl,任务子系统,+x,176,1.035,0.55,-0.2624999999999999
1221,H2,H2.stl,任务子系统,+x,412,1.035,0.55,-0.11249999999999946
1222,H2,H2.stl,任务子系统,+z,1471,1.0,0.55,-0.11499999999999957
1223,H2,H2.stl,任务子系统,+x,412,0.485,0.24999999999999997,0.15000000000000002
1224,H2,H2.stl,任务子系统,+z,1471,0.45,0.0,0.035
1225,H2,H2.stl,任务子系统,+z,1471,0.25,-0.25,0.135
1226,H2,H2.stl,任务子系统,+z,1471,0.25,0.25,0.135
1227,H3,H3.stl,显示子系统,+z,1235,1.8375,-0.45,0.8350000000000001
1228,H3,H3.stl,显示子系统,+z,647,1.8375,0.4499999999999999,0.8350000000000001
1229,H3,H3.stl,显示子系统,+z,294,1.9125,-0.55,0.8350000000000001
1230,H3,H3.stl,显示子系统,+z,1059,1.9125,-2.7755575615628914e-17,0.8350000000000001
1231,H3,H3.stl,显示子系统,+z,647,1.9125,0.5499999999999999,0.8350000000000001
1232,H3,H3.stl,显示子系统,+z,647,1.9875,-0.55,0.8350000000000001
1233,H3,H3.stl,显示子系统,+z,235,1.9875,-0.35,0.8350000000000001
1234,H3,H3.stl,显示子系统,+z,765,1.9875,-0.15000000000000002,0.8350000000000001
1235,H3,H3.stl,显示子系统,+z,1000,1.9875,0.04999999999999996,0.8350000000000001
1236,H3,H3.stl,显示子系统,+z,235,1.9875,0.3499999999999999,0.8350000000000001
1237,H3,H3.stl,显示子系统,+z,1235,1.9875,0.5499999999999999,0.8350000000000001
1238,H3,H3.stl,显示子系统,+z,529,2.0625,-0.55,0.8350000000000001
1239,H3,H3.stl,显示子系统,+z,471,2.0625,-0.35,0.8350000000000001
1240,H3,H3.stl,显示子系统,+z,588,2.0625,-0.15000000000000002,0.8350000000000001
1241,H3,H3.stl,显示子系统,+z,1177,2.0625,0.04999999999999996,0.8350000000000001
1242,H3,H3.stl,显示子系统,+z,529,2.0625,0.3499999999999999,0.8350000000000001
1243,H3,H3.stl,显示子系统,+z,1059,2.0625,0.5499999999999999,0.8350000000000001
1244,H3,H3.stl,显示子系统,+z,882,2.12,-0.6499999999999999,0.8350000000000001
1245,H3,H3.stl,显示子系统,+z,471,2.08,0.6499999999999999,0.8350000000000001
1246,H3,H3.stl,显示子系统,+z,882,2.16,0.6499999999999999,0.8350000000000001
1247,H3,H3.stl,显示子系统,+z,824,2.1500000000000004,-0.75,0.8350000000000001
1248,H3,H3.stl,显示子系统,+z,294,2.45,-0.75,0.8350000000000001
1249,H3,H3.stl,显示子系统,+z,1000,2.1500000000000004,0.75,0.8350000000000001
1250,H3,H3.stl,显示子系统,+z,647,2.45,0.75,0.8350000000000001
1251,H3,H3.stl,显示子系统,+z,471,2.3499999999999996,-0.8500000000000001,0.8350000000000001
1252,H3,H3.stl,显示子系统,+z,706,2.45,-0.8500000000000001,0.8350000000000001
1253,H3,H3.stl,显示子系统,+z,1059,2.6,-0.8500000000000001,0.8350000000000001
1254,H3,H3.stl,显示子系统,+z,941,2.75,-0.8500000000000001,0.8350000000000001
1255,H3,H3.stl,显示子系统,+z,1059,2.8499999999999996,-0.8500000000000001,0.8350000000000001
1256,H3,H3.stl,显示子系统,+z,471,2.45,0.8500000000000001,0.8350000000000001
1257,H3,H3.stl,显示子系统,+z,1059,2.55,0.8500000000000001,0.8350000000000001
1258,H3,H3.stl,显示子系统,+z,941,2.6500000000000004,0.8500000000000001,0.8350000000000001
1259,H3,H3.stl,显示子系统,+z,882,2.75,0.8500000000000001,0.8350000000000001
1260,H3,H3.stl,显示子系统,+z,1059,2.8499999999999996,0.8500000000000001,0.8350000000000001
1261,H3,H3.stl,显示子系统,+z,588,2.525,-0.95,0.8350000000000001
1262,H3,H3.stl,显示子系统,+z,765,2.615,-0.95,0.8350000000000001
1263,H3,H3.stl,显示子系统,+z,941,2.75,-0.95,0.8350000000000001
1264,H3,H3.stl,显示子系统,+z,1177,2.885,-0.95,0.8350000000000001
1265,H3,H3.stl,显示子系统,+z,882,2.975,-0.95,0.8350000000000001
1266,H3,H3.stl,显示子系统,+z,1000,3.0650000000000004,-0.95,0.8350000000000001
1267,H3,H3.stl,显示子系统,+z,941,3.1550000000000002,-0.95,0.8350000000000001
1268,H3,H3.stl,显示子系统,+z,294,2.525,0.95,0.8350000000000001
1269,H3,H3.stl,显示子系统,+z,471,2.615,0.95,0.8350000000000001
1270,H3,H3.stl,显示子系统,+z,529,2.705,0.95,0.8350000000000001
1271,H3,H3.stl,显示子系统,+z,588,2.795,0.95,0.8350000000000001
1272,H3,H3.stl,显示子系统,+z,1059,2.885,0.95,0.8350000000000001
1273,H3,H3.stl,显示子系统,+z,882,2.975,0.95,0.8350000000000001
1274,H3,H3.stl,显示子系统,+z,1059,3.0650000000000004,0.95,0.8350000000000001
1275,H3,H3.stl,显示子系统,+z,941,3.1550000000000002,0.95,0.8350000000000001
1276,H3,H3.stl,显示子系统,+z,882,2.85,-1.05,0.8350000000000001
1277,H3,H3.stl,显示子系统,+z,1059,2.95,-1.05,0.8350000000000001
1278,H3,H3.stl,显示子系统,+z,1000,3.0999999999999996,-1.05,0.8350000000000001
1279,H3,H3.stl,显示子系统,+z,1118,3.25,-1.05,0.8350000000000001
1280,H3,H3.stl,显示子系统,+z,1000,2.85,1.05,0.8350000000000001
1281,H3,H3.stl,显示子系统,+z,1235,2.95,1.05,0.8350000000000001
1282,H3,H3.stl,显示子系统,+z,1059,3.05,1.05,0.8350000000000001
1283,H3,H3.stl,显示子系统,+z,1177,3.15,1.05,0.8350000000000001
1284,H3,H3.stl,显示子系统,+z,1235,3.25,1.05,0.8350000000000001
1285,H3,H3.stl,显示子系统,+z,882,3.15,-1.15,0.8350000000000001
1286,H3,H3.stl,显示子系统,+z,1177,3.25,-1.15,0.8350000000000001
1287,H3,H3.stl,显示子系统,+z,471,3.15,1.15,0.8350000000000001
1288,H3,H3.stl,显示子系统,+z,647,3.25,1.15,0.8350000000000001
1289,H3,H3.stl,显示子系统,+x,235,2.1350000000000002,-0.55,0.2
1290,H3,H3.stl,显示子系统,+x,294,2.1350000000000002,-0.55,0.45
1291,H3,H3.stl,显示子系统,+x,235,2.1350000000000002,-0.55,0.65
1292,H3,H3.stl,显示子系统,+x,176,2.1350000000000002,-0.55,0.75
1293,H3,H3.stl,显示子系统,+x,294,2.1350000000000002,-0.45,0.15000000000000002
1294,H3,H3.stl,显示子系统,+x,235,2.1350000000000002,-0.45,0.25
1295,H3,H3.stl,显示子系统,+x,294,2.1350000000000002,-0.45,0.35000000000000003
1296,H3,H3.stl,显示子系统,+x,353,2.1350000000000002,-0.45,0.5
1297,H3,H3.stl,显示子系统,+x,294,2.1350000000000002,-0.45,0.65
1298,H3,H3.stl,显示子系统,+x,235,2.1350000000000002,-0.45,0.75
1299,H3,H3.stl,显示子系统,+x,118,2.1350000000000002,-0.35,0.5
1300,H3,H3.stl,显示子系统,+x,118,2.1350000000000002,-0.15000000000000002,0.55
1301,H3,H3.stl,显示子系统,+x,294,2.1350000000000002,-0.15000000000000002,0.65
1302,H3,H3.stl,显示子系统,+x,176,2.1350000000000002,-0.15000000000000002,0.75
1303,H3,H3.stl,显示子系统,+x,118,2.1350000000000002,0.04999999999999996,0.55
1304,H3,H3.stl,显示子系统,+x,294,2.1350000000000002,0.04999999999999996,0.65
1305,H3,H3.stl,显示子系统,+x,235,2.1350000000000002,0.04999999999999996,0.75
1306,H3,H3.stl,显示子系统,+x,235,2.1350000000000002,0.3499999999999999,0.35
1307,H3,H3.stl,显示子系统,+x,294,2.1350000000000002,0.3499999999999999,0.55
1308,H3,H3.stl,显示子系统,+x,235,2.1350000000000002,0.3499999999999999,0.65
1309,H3,H3.stl,显示子系统,+x,294,2.1350000000000002,0.3499999999999999,0.75
1310,H3,H3.stl,显示子系统,+x,235,2.1350000000000002,0.4499999999999999,0.2
1311,H3,H3.stl,显示子系统,+x,294,2.1350000000000002,0.4499999999999999,0.45
1312,H3,H3.stl,显示子系统,+x,235,2.1350000000000002,0.4499999999999999,0.7
1313,H3,H3.stl,显示子系统,+x,235,2.1350000000000002,0.5499999999999999,0.15000000000000002
1314,H3,H3.stl,显示子系统,+x,294,2.1350000000000002,0.5499999999999999,0.25
1315,H3,H3.stl,显示子系统,+x,353,2.1350000000000002,0.5499999999999999,0.4
1316,H3,H3.stl,显示子系统,+x,294,2.1350000000000002,0.5499999999999999,0.55
1317,H3,H3.stl,显示子系统,+x,235,2.1350000000000002,0.5499999999999999,0.7
1318,H3,H3.stl,显示子系统,+x,118,2.2350000000000003,-0.6499999999999999,0.75
1319,H3,H3.stl,显示子系统,+x,59,2.2350000000000003,0.6499999999999999,0.75
1320,H3,H3.stl,显示子系统,+x,176,2.535,-0.75,0.2
1321,H3,H3.stl,显示子系统,+x,118,2.535,-0.75,0.45
1322,H3,H3.stl,显示子系统,+x,176,2.535,-0.75,0.7
1323,H3,H3.stl,显示子系统,+x,353,2.535,0.75,0.2
1324,H3,H3.stl,显示子系统,+x,294,2.535,0.75,0.4
1325,H3,H3.stl,显示子系统,+x,235,2.535,0.75,0.55
1326,H3,H3.stl,显示子系统,+x,353,2.535,0.75,0.7
1327,H3,H3.stl,显示子系统,+x,118,2.935,-0.8500000000000001,0.2
1328,H3,H3.stl,显示子系统,+x,176,2.935,-0.8500000000000001,0.45
1329,H3,H3.stl,显示子系统,+x,294,2.935,-0.8500000000000001,0.7
1330,H3,H3.stl,显示子系统,+x,118,2.935,0.8500000000000001,0.35
1331,H3,H3.stl,显示子系统,+x,176,2.935,0.8500000000000001,0.7
1332,H3,H3.stl,显示子系统,+x,118,3.2350000000000003,-0.95,0.75
1333,H3,H3.stl,显示子系统,+x,59,3.2350000000000003,0.95,0.75
1334,H3,H3.stl,显示子系统,+x,176,3.335,-1.1875,0.45
1335,H3,H3.stl,显示子系统,+x,235,3.335,-1.075,0.2
1336,H3,H3.stl,显示子系统,+x,294,3.335,-1.075,0.55
1337,H3,H3.stl,显示子系统,+x,294,3.335,1.05,0.15000000000000002
1338,H3,H3.stl,显示子系统,+x,235,3.335,1.05,0.25
1339,H3,H3.stl,显示子系统,+x,353,3.335,1.05,0.55
1340,H3,H3.stl,显示子系统,+x,118,3.335,1.15,0.2
1341,H3,H3.stl,显示子系统,+x,176,3.335,1.15,0.55
1342,H4,H4.stl,通信子系统,+x,118,1.9849999999999999,-0.35,0.9500000000000001
1343,H4,H4.stl,通信子系统,+z,471,1.95,-0.35,0.9850000000000001
1344,H4,H4.stl,通信子系统,+x,176,1.9849999999999999,0.35,0.875
1345,H4,H4.stl,通信子系统,+x,118,1.9849999999999999,0.35,0.9875
1346,H4,H4.stl,通信子系统,+x,235,1.9849999999999999,0.35,1.0625
1347,H4,H4.stl,通信子系统,+z,1059,1.95,0.35,0.9850000000000001
1348,H4,H4.stl,通信子系统,+x,235,2.085,-0.45,0.8375
1349,H4,H4.stl,通信子系统,+x,176,2.085,-0.45,0.9125000000000001
1350,H4,H4.stl,通信子系统,+x,235,2.085,-0.45,0.9875
1351,H4,H4.stl,通信子系统,+x,294,2.085,-0.45,1.0625
1352,H4,H4.stl,通信子系统,+z,1059,2.05,-0.45,0.9850000000000001
1353,H4,H4.stl,通信子系统,+x,176,2.085,0.45,0.875
1354,H4,H4.stl,通信子系统,+x,235,2.085,0.45,1.0250000000000001
1355,H4,H4.stl,通信子系统,+z,1000,2.05,0.45,0.9850000000000001
1356,H4,H4.stl,通信子系统,+x,235,1.9349999999999998,-2.7755575615628914e-17,0.9125000000000001
1357,H4,H4.stl,通信子系统,+x,294,1.9349999999999998,-2.7755575615628914e-17,1.0625
1358,H7,H7.stl,操纵子系统,+z,824,2.3375,-0.55,0.3350000000000001
1359,H7,H7.stl,操纵子系统,+z,647,2.3375,-0.45,0.3350000000000001
1360,H7,H7.stl,操纵子系统,+z,588,2.3375,0.4499999999999999,0.3350000000000001
1361,H7,H7.stl,操纵子系统,+z,1177,2.3375,0.5499999999999999,0.3350000000000001
